Time;Type;Volume;Symbol;Price;S/L;T/P;Time;Price;Commission;Swap;Profit;Comment
2022.03.23 19:47:23;Buy;0.10;GBPUSD;1.32032;1.30800;;2022.03.28 16:54:57;1.30798;-0.50;-0.86;-123.40;[sl]
2022.03.01 16:57:56;Buy;0.03;XAUUSD;1 926.31;1 829.00;2 400.00;2022.03.28 01:04:42;1 955.79;-0.22;-3.21;88.44;
2022.03.17 11:22:00;Buy;0.03;XAUUSD;1 937.08;1 829.00;2 400.00;2022.03.28 01:02:55;1 956.02;-0.22;-1.03;56.82;
2022.03.14 04:31:31;Buy;0.08;USDCAD;1.27470;1.25000;;2022.03.25 18:39:36;1.25000;-0.30;-1.66;-158.08;[sl]
2022.03.16 05:23:19;Buy;0.08;AUDCHF;0.67700;0.66545;0.70000;2022.03.24 17:36:57;0.70000;-0.22;0.49;197.46;[tp]
2022.02.17 19:57:43;Sell;0.08;USDJPY;115.055;116.330;112.100;2022.03.11 02:56:12;116.372;-0.30;-4.62;-90.54;[sl]
2022.02.24 03:06:38;Buy;0.05;XAUUSD;1 912.50;1 914.00;2 400.00;2022.02.24 16:39:22;1 942.11;-0.36;;148.05;
2022.02.24 03:07:07;Buy Limit;0.05;XAUUSD;1 900.00;1 885.00;2 400.00;2022.02.24 16:39:10;1 941.52;;;;cancelled
2022.02.21 20:16:21;Sell;0.08;USDCAD;1.27541;1.28150;;2022.02.24 11:44:40;1.28150;-0.30;-0.56;-38.02;[sl]
2022.02.17 19:54:33;Buy;0.08;GBPUSD;1.36261;1.35000;;2022.02.24 06:15:45;1.34993;-0.41;-1.22;-101.44;[sl]
2022.02.17 19:55:08;Buy;0.08;EURUSD;1.13608;1.12500;;2022.02.24 05:42:02;1.12499;-0.35;-2.15;-88.72;[sl]
2022.02.23 05:32:27;Balance;;;;;;;;;;2 518.39;
2022.02.18 12:18:48;Sell;0.08;NZDCAD;0.85249;0.86100;;2022.02.22 21:31:16;0.86101;-0.20;-0.30;-53.35;[sl]
2022.02.21 20:04:57;Buy;0.05;XAUUSD;1 897.38;1 899.00;1 950.00;2022.02.22 10:57:18;1 898.87;-0.36;-0.18;7.45;[sl]
2022.02.10 08:22:51;Sell;0.08;NZDUSD;0.66796;0.67700;;2022.02.17 19:54:54;0.66983;-0.20;-1.21;-14.96;
2022.02.11 05:09:36;Sell;0.08;GBPUSD;1.35433;1.36450;;2022.02.17 19:54:37;1.36263;-0.41;-1.75;-66.40;
2022.02.15 05:50:31;Buy;0.08;EURGBP;0.83625;0.82800;;2022.02.17 19:54:23;0.83374;-0.34;-1.82;-27.36;
2022.02.11 05:08:43;Sell;0.08;AUDUSD;0.71446;0.72500;;2022.02.17 19:54:19;0.71975;-0.22;-0.81;-42.32;
2022.01.19 04:42:16;Sell;0.02;USTEC;15 158.65;16 020.24;;2022.02.17 16:48:10;14 439.59;;-0.62;14.38;
2022.02.17 10:21:08;Sell;0.03;XAUUSD;1 877.54;1 889.00;;2022.02.17 10:28:09;1 889.36;-0.21;;-35.46;[sl]
2022.02.16 20:42:56;Sell;0.05;XAUUSD;1 868.60;1 889.00;;2022.02.17 10:28:09;1 889.36;-0.36;-0.16;-103.80;[sl]
2022.02.16 06:10:15;Buy;0.05;XAUUSD;1 853.00;1 840.00;1 870.00;2022.02.16 19:36:22;1 870.01;-0.35;;85.05;[tp]
2022.02.14 16:58:09;Sell;0.02;XAUUSD;1 866.53;1 877.50;;2022.02.15 05:04:11;1 877.52;-0.14;-0.03;-21.98;[sl]
2022.02.14 01:24:07;Sell;0.05;XAUUSD;1 859.91;1 877.50;;2022.02.15 05:04:11;1 877.52;-0.35;-0.08;-88.05;[sl]
2022.02.04 03:13:34;Sell;0.08;AUDNZD;1.07074;1.07800;;2022.02.14 16:39:44;1.07704;-0.22;0.04;-33.30;
2022.02.04 16:27:43;Sell;0.08;EURUSD;1.14401;1.15000;1.13000;2022.02.14 16:39:42;1.13078;-0.35;0.28;105.84;
2022.02.10 08:22:38;Sell;0.08;GBPUSD;1.35323;1.36200;;2022.02.10 18:06:17;1.36204;-0.41;;-70.48;[sl]
2022.02.07 13:03:42;Sell;0.08;AUDUSD;0.70911;0.72155;;2022.02.10 17:29:05;0.72158;-0.22;-0.71;-99.76;[sl]
2022.02.07 13:03:54;Sell;0.08;NZDUSD;0.66079;0.66850;;2022.02.09 13:00:44;0.66851;-0.20;-0.32;-61.76;[sl]
2022.02.07 13:03:31;Sell;0.08;GBPUSD;1.34978;1.35820;;2022.02.09 12:20:40;1.35835;-0.41;-0.56;-68.56;[sl]
2022.02.04 12:53:30;Buy;0.08;EURUSD;1.14616;1.13240;1.16500;2022.02.04 16:27:34;1.14406;-0.35;;-16.80;
2022.02.04 07:39:45;Buy;0.08;GBPUSD;1.35963;1.35150;;2022.02.04 12:53:01;1.35552;-0.41;;-32.88;
2022.02.04 03:25:39;Buy;0.08;AUDJPY;82.109;81.300;;2022.02.04 12:47:47;81.546;-0.22;;-39.19;
2022.02.03 09:42:33;Sell;0.08;USDJPY;114.586;115.690;;2022.02.03 17:23:21;114.889;-0.30;;-21.10;
2022.01.18 18:33:22;Sell;0.10;US500;4 580.86;4 748.60;;2022.02.03 17:23:17;4 536.58;;-0.62;4.43;
2022.02.03 07:50:32;Buy;0.08;NZDUSD;0.66221;0.65350;;2022.02.03 17:23:14;0.66657;-0.20;;34.88;
2022.02.03 07:48:30;Buy;0.08;EURUSD;1.12999;1.12200;;2022.02.03 17:23:12;1.14051;-0.34;;84.16;
2022.02.03 07:48:17;Buy;0.08;AUDUSD;0.71253;0.70300;;2022.02.03 17:23:10;0.71468;-0.22;;17.20;
2022.02.03 11:02:56;Sell;0.08;AUDNZD;1.07356;1.08100;;2022.02.03 17:23:08;1.07224;-0.22;;7.04;
2022.02.03 10:58:35;Buy;0.05;XAUUSD;1 804.99;1 789.00;1 821.00;2022.02.03 16:53:34;1 789.00;-0.34;;-79.95;[sl]
2022.02.02 06:09:31;Buy;0.08;USDJPY;114.778;114.000;;2022.02.03 09:42:17;114.585;-0.30;-0.25;-13.47;
2022.02.01 16:07:16;Sell;0.05;XAUUSD;1 803.39;1 822.00;1 785.00;2022.02.03 07:48:01;1 806.02;-0.34;-0.37;-13.15;
2022.02.01 15:37:32;Sell;0.08;EURUSD;1.12563;1.13600;;2022.02.03 07:47:57;1.12999;-0.34;0.13;-34.88;
2022.02.01 15:39:18;Sell;0.08;AUDUSD;0.70978;0.72000;;2022.02.03 07:47:54;0.71252;-0.22;-0.53;-21.92;
2022.02.01 15:36:16;Sell;0.08;GBPUSD;1.34844;1.35700;;2022.02.02 14:12:54;1.35716;-0.41;-0.24;-69.76;[sl]
2022.01.28 02:05:35;Buy;0.07;GBPUSD;1.33873;1.33000;;2022.02.01 15:31:07;1.34842;-0.36;-0.42;67.83;
2022.01.26 13:30:53;Buy;0.07;EURJPY;128.783;128.000;;2022.02.01 15:31:05;129.138;-0.30;-1.08;21.67;
2022.01.26 13:34:48;Buy;0.07;CHFJPY;124.073;123.300;;2022.02.01 15:31:02;124.451;-0.29;-1.16;23.07;
2022.01.28 09:08:16;Buy;0.08;AUDUSD;0.70329;0.69000;;2022.02.01 15:31:00;0.70952;-0.21;-0.34;49.84;
2022.01.25 05:45:03;Buy;0.07;AUDJPY;81.278;80.200;;2022.02.01 15:30:57;81.386;-0.19;-0.34;6.59;
2022.01.28 02:08:53;Buy;0.07;EURUSD;1.11429;1.10500;;2022.02.01 15:30:55;1.12581;-0.30;-0.50;80.64;
2022.01.24 02:20:30;Buy;0.07;NZDCHF;0.61287;0.60700;;2022.02.01 15:30:52;0.60926;-0.18;0.78;-27.41;
2022.01.25 05:49:42;Buy;0.07;NZDJPY;75.991;75.200;;2022.02.01 15:30:48;75.828;-0.18;0.18;-9.94;
2022.01.31 15:18:09;Buy;0.08;NZDUSD;0.65679;0.65000;;2022.02.01 15:30:45;0.66105;-0.20;-0.05;34.08;
2022.01.31 04:12:59;Buy;0.05;XAUUSD;1 790.06;1 778.00;1 821.00;2022.02.01 15:30:40;1 803.62;-0.34;-0.14;67.80;
2022.01.21 08:41:32;Buy;0.07;USDJPY;113.873;113.000;;2022.01.28 02:03:45;115.401;-0.27;-0.52;92.69;
2022.01.17 03:42:30;Buy;0.07;USDJPY;114.440;113.000;116.255;2022.01.28 02:03:42;115.397;-0.27;-1.03;58.05;
2022.01.11 14:34:17;Buy;0.07;EURGBP;0.83403;0.82200;0.84500;2022.01.26 13:29:50;0.83458;-0.30;-5.79;5.20;
2022.01.25 05:45:29;Buy;0.07;AUDCAD;0.90306;0.89500;;2022.01.26 13:29:47;0.90148;-0.19;-0.08;-8.79;
2022.01.26 07:18:19;Sell;0.07;USDCHF;0.91756;0.92700;;2022.01.26 13:29:43;0.92012;-0.27;;-19.48;
2022.01.05 00:07:17;Buy;0.07;USDCHF;0.91679;0.90500;0.93200;2022.01.26 07:17:57;0.91755;-0.27;0.61;5.80;
2022.01.24 04:30:34;Buy;0.07;EURJPY;129.040;128.400;;2022.01.25 15:48:03;128.400;-0.30;-0.20;-39.33;[sl]
2022.01.24 02:20:44;Buy;0.07;NZDJPY;76.383;75.800;;2022.01.24 18:49:18;75.797;-0.18;;-36.05;[sl]
2021.12.14 02:12:29;Buy;0.07;EURCHF;1.04123;1.03000;1.05200;2022.01.24 14:57:33;1.03000;-0.30;-1.46;-86.22;[sl]
2022.01.24 04:06:17;Buy;0.07;GBPUSD;1.35624;1.35000;;2022.01.24 12:34:47;1.34999;-0.36;;-43.75;[sl]
2022.01.12 23:59:12;Sell;0.07;GBPUSD;1.36972;1.37980;1.35400;2022.01.24 04:05:12;1.35621;-0.36;-2.69;94.57;
2022.01.11 21:58:32;Sell;0.07;GBPUSD;1.36281;1.37980;1.35400;2022.01.24 04:05:09;1.35620;-0.36;-2.92;46.27;
2022.01.06 04:41:04;Sell;0.07;GBPUSD;1.35467;1.37980;1.35400;2022.01.24 04:05:07;1.35620;-0.36;-3.61;-10.71;
2022.01.14 12:59:52;Sell;0.07;EURUSD;1.14577;1.15500;1.12900;2022.01.24 04:05:05;1.13355;-0.30;0.25;85.54;
2022.01.12 15:33:03;Sell;0.07;EURUSD;1.13807;1.15620;1.12900;2022.01.24 04:05:03;1.13355;-0.30;0.38;31.64;
2022.01.05 08:59:24;Sell;0.07;EURUSD;1.12955;1.15620;1.12900;2022.01.24 04:05:00;1.13355;-0.30;0.52;-28.00;
2022.01.06 04:27:22;Sell;0.07;NZDUSD;0.67800;0.69000;0.65800;2022.01.21 08:37:35;0.67316;-0.18;-2.36;33.88;
2022.01.14 13:04:54;Sell;0.07;NZDUSD;0.68527;0.69210;0.67400;2022.01.21 02:30:27;0.67396;-0.18;-1.00;79.17;[tp]
2022.01.19 18:21:02;Buy;0.07;USDCAD;1.25142;1.24600;;2022.01.20 17:48:03;1.24598;-0.27;-0.40;-30.56;[sl]
2022.01.19 17:03:52;Sell;0.05;XAUUSD;1 830.01;1 841.00;1 790.00;2022.01.19 17:58:37;1 838.14;-0.35;;-40.65;
2022.01.12 05:36:28;Sell;0.05;XAUUSD;1 818.71;1 841.00;1 790.00;2022.01.19 17:58:34;1 838.15;-0.35;-0.63;-97.20;
2022.01.11 14:39:49;Buy;0.07;EURCAD;1.43269;1.42200;1.44500;2022.01.18 16:26:48;1.42201;-0.30;-1.67;-59.71;[sl]
2022.01.11 20:24:08;Sell;0.07;NZDUSD;0.67797;0.68800;0.66700;2022.01.13 10:16:51;0.68801;-0.18;-0.68;-70.28;[sl]
2022.01.11 20:24:07;Sell;0.07;AUDUSD;0.72022;0.73100;0.71000;2022.01.13 10:15:51;0.73106;-0.19;-0.53;-75.88;[sl]
2022.01.06 04:26:55;Sell;0.07;AUDUSD;0.72013;0.73100;0.70000;2022.01.13 10:15:51;0.73106;-0.19;-0.92;-76.51;[sl]
2022.01.11 18:18:32;Buy;0.07;USDCAD;1.26051;1.25000;1.27100;2022.01.12 18:42:58;1.24999;-0.27;-0.13;-58.91;[sl]
2022.01.11 04:33:10;Buy;0.07;USDCAD;1.26537;1.25500;1.27600;2022.01.12 07:43:50;1.25500;-0.27;-0.13;-57.84;[sl]
2022.01.11 13:09:02;Sell;0.07;AUDUSD;0.71782;0.73100;0.70700;2022.01.11 13:09:29;0.71776;-0.19;;0.42;
2021.12.28 14:53:11;Buy;0.07;EURCHF;1.03836;1.02800;1.04900;2022.01.10 19:47:00;1.04901;-0.30;-0.53;80.54;[tp]
2022.01.05 09:02:34;Buy;0.07;EURCHF;1.03463;1.02400;1.04500;2022.01.07 17:23:41;1.04500;-0.30;-0.09;78.83;[tp]
2021.12.31 17:54:16;Buy;0.07;NZDCAD;0.86531;0.85500;;2022.01.06 04:26:07;0.86618;-0.18;-0.22;4.77;
2021.12.07 13:53:14;Buy;0.07;NZDCHF;0.62690;0.61600;0.63800;2022.01.06 04:26:04;0.62187;-0.18;3.91;-38.39;
2021.12.07 08:13:08;Buy;0.07;NZDUSD;0.67684;0.66600;0.68800;2022.01.06 04:26:01;0.67795;-0.18;-0.75;7.77;
2021.12.07 13:53:37;Buy;0.07;NZDJPY;76.950;75.900;79.500;2022.01.06 04:25:58;78.560;-0.18;1.83;97.26;
2021.12.07 08:02:13;Buy;0.07;AUDUSD;0.70816;0.69800;0.73300;2022.01.06 04:25:51;0.72011;-0.19;-4.82;83.65;
2021.12.07 12:51:08;Buy;0.07;AUDCHF;0.65522;0.64400;0.67100;2022.01.06 04:25:48;0.66049;-0.19;1.24;40.21;
2021.12.29 18:35:39;Buy;0.04;XAUUSD;1 803.68;1 783.00;1 870.00;2022.01.06 03:57:58;1 810.62;-0.27;-1.04;27.76;
2021.12.15 21:00:00;Buy;0.06;XAUUSD;1 756.64;1 730.00;1 870.00;2022.01.06 03:57:55;1 810.60;-0.40;-3.60;323.76;
2022.01.04 14:25:03;Buy;0.27;US500;4 808.16;4 756.11;;2022.01.05 21:13:25;4 755.86;;-0.11;-14.12;[sl]
2021.11.29 02:32:05;Buy;0.07;AUDNZD;1.04502;1.03000;1.06500;2022.01.05 12:20:55;1.06500;-0.19;-5.80;95.19;[tp]
2021.12.15 21:26:56;Buy;0.07;EURUSD;1.12296;1.11200;1.13900;2022.01.05 08:59:09;1.12955;-0.30;-5.48;46.13;
2021.12.02 02:46:28;Sell;0.06;USDCHF;0.92048;0.93200;;2022.01.05 00:06:50;0.91679;-0.23;-7.80;24.15;
2021.12.23 19:29:20;Sell;0.07;USDCAD;1.28016;1.29100;1.26500;2021.12.31 17:54:54;1.26500;-0.27;-0.88;83.89;[tp]
2021.12.23 13:21:39;Buy;0.07;EURGBP;0.84354;0.83700;;2021.12.31 09:59:53;0.83701;-0.30;-2.75;-61.74;[sl]
2021.11.29 02:31:10;Buy;0.07;EURGBP;0.84704;0.83700;0.86700;2021.12.31 09:59:53;0.83701;-0.30;-10.82;-94.83;[sl]
2021.12.09 03:13:20;Buy;0.07;USDJPY;113.780;112.750;114.900;2021.12.27 18:01:25;114.899;-0.27;-1.29;68.17;[tp]
2021.12.21 16:04:38;Sell;0.07;USDCAD;1.29312;1.30300;1.28100;2021.12.23 17:51:36;1.28095;-0.27;-0.42;66.51;[tp]
2021.12.21 04:09:26;Buy;0.07;GBPUSD;1.32121;1.32200;1.34200;2021.12.23 12:29:13;1.34199;-0.35;-0.84;145.46;[tp]
2021.12.10 08:25:43;Buy;0.07;AUDJPY;81.150;80.100;82.700;2021.12.23 10:29:28;82.700;-0.19;-0.65;94.93;[tp]
2021.12.07 10:24:07;Buy;0.07;CHFJPY;123.014;121.900;124.100;2021.12.22 17:53:09;124.100;-0.29;-3.31;66.50;[tp]
2021.12.16 11:39:19;Buy;0.07;GBPUSD;1.32956;1.31800;1.34000;2021.12.20 11:33:43;1.31791;-0.35;-0.42;-81.55;[sl]
2021.12.16 10:02:36;Buy;0.10;US500;4 731.45;4 605.68;;2021.12.17 17:13:41;4 604.90;;-0.04;-12.66;[sl]
2021.11.23 03:46:20;Buy;0.05;XAUUSD;1 811.49;1 720.00;1 875.00;2021.12.17 14:42:52;1 810.43;-0.34;-2.22;-5.30;
2021.11.23 13:31:29;Buy;0.05;XAUUSD;1 795.53;1 720.00;1 875.00;2021.12.17 14:42:50;1 810.42;-0.34;-2.22;74.45;
2021.12.16 13:25:59;Buy;0.02;USTEC;16 436.38;15 738.05;;2021.12.17 11:12:34;15 734.26;;-0.03;-14.04;[sl]
2021.12.07 08:18:47;Buy;0.07;EURJPY;128.390;127.300;129.400;2021.12.16 14:49:40;129.396;-0.30;-1.98;61.69;[tp]
2021.12.01 22:22:16;Sell;0.03;USTEC;15 991.96;16 434.95;;2021.12.16 13:25:59;16 436.38;;-0.60;-13.33;[sl]
2021.12.14 11:53:28;Sell Stop;0.05;US500;4 494.22;4 731.76;;2021.12.16 09:05:21;4 732.06;;;;cancelled
2021.12.09 03:09:13;Buy;0.07;EURUSD;1.13373;1.12300;1.14400;2021.12.15 21:01:01;1.12297;-0.30;-1.04;-75.32;[sl]
2021.11.29 06:45:34;Sell;0.07;USDJPY;113.582;115.600;;2021.12.09 03:13:07;113.778;-0.27;-1.92;-12.06;
2021.12.07 14:23:52;Sell;0.07;GBPNZD;1.95528;1.96500;1.94500;2021.12.08 16:23:12;1.94489;-0.35;-0.09;49.38;[tp]
2021.12.08 05:31:20;Buy;0.07;GBPJPY;150.471;149.400;151.500;2021.12.08 13:40:21;149.356;-0.35;;-68.78;[sl]
2021.12.07 10:24:43;Buy;0.07;GBPUSD;1.32767;1.31870;1.33900;2021.12.08 13:17:22;1.31863;-0.35;-0.21;-63.28;[sl]
2021.12.03 06:29:55;Sell;0.07;GBPJPY;150.382;152.000;;2021.12.08 05:31:31;150.467;-0.35;-0.30;-5.24;
2021.12.02 02:34:59;Sell;0.06;CADJPY;88.153;89.630;;2021.12.07 15:11:28;89.631;-0.18;-0.21;-78.09;[sl]
2021.12.06 03:27:29;Buy;0.07;EURCAD;1.44866;1.42900;;2021.12.07 13:08:52;1.42895;-0.30;-0.23;-108.74;[sl]
2021.12.06 10:48:05;Sell;0.07;CHFJPY;122.776;124.520;;2021.12.07 10:23:43;123.022;-0.29;0.10;-15.14;
2021.12.03 02:51:00;Buy;0.07;GBPCAD;1.70454;1.67800;;2021.12.07 10:23:38;1.68811;-0.35;-0.34;-90.43;
2021.11.29 14:29:01;Buy;0.07;GBPNZD;1.95893;1.93900;;2021.12.07 08:30:57;1.96249;-0.35;-2.30;16.87;
2021.11.29 16:24:58;Sell;0.07;NZDUSD;0.68159;0.69100;0.66000;2021.12.07 08:00:52;0.67666;-0.18;-1.20;34.51;
2021.12.02 02:35:58;Sell;0.06;AUDUSD;0.71083;0.72832;;2021.12.07 08:00:45;0.70807;-0.16;-0.27;16.56;
2021.11.30 02:24:40;Sell;0.07;EURJPY;128.521;129.530;127.530;2021.12.03 20:50:39;127.529;-0.30;0.25;61.66;[tp]
2021.12.02 02:44:27;Buy;0.06;EURCAD;1.45066;1.44000;;2021.12.03 16:19:59;1.43998;-0.26;-0.20;-50.27;[sl]
2021.11.22 22:50:45;Buy;0.05;USTEC;16 457.41;15 989.88;;2021.12.01 22:21:35;15 990.08;;-0.63;-23.37;[sl]
2021.11.26 12:47:47;Buy;0.10;XAGUSD;23.613;22.500;25.200;2021.12.01 18:23:18;22.501;-0.45;-1.05;-556.00;[sl]
2021.11.23 14:19:15;Buy;0.10;XAGUSD;23.831;22.500;25.200;2021.12.01 18:23:18;22.501;-0.45;-2.81;-665.00;[sl]
2021.11.23 03:27:36;Buy;0.10;XAGUSD;24.288;22.500;25.200;2021.12.01 18:23:18;22.501;-0.46;-2.81;-893.50;[sl]
2021.11.22 23:58:00;Buy;0.10;XAGUSD;24.184;22.500;25.200;2021.12.01 18:23:18;22.501;-0.46;-3.17;-841.50;[sl]
2021.11.30 02:24:04;Sell;0.07;CADJPY;89.339;90.360;88.350;2021.11.30 08:01:11;88.339;-0.21;;61.92;[tp]
2021.11.23 19:33:06;Buy;0.06;GBPUSD;1.33844;1.33000;;2021.11.26 03:55:15;1.32992;-0.31;-0.89;-51.12;[sl]
2021.11.23 19:33:15;Buy;0.06;EURUSD;1.12638;1.12000;;2021.11.24 15:38:02;1.11974;-0.26;-0.23;-39.84;[sl]
2021.11.22 16:09:14;Buy;0.13;AUDUSD;0.72600;0.72100;0.73650;2021.11.23 17:28:53;0.72100;-0.36;-0.28;-65.00;[sl]
2021.11.22 18:53:32;Buy;0.70;US500;4 714.58;4 672.12;;2021.11.23 08:30:15;4 671.99;;-0.28;-29.81;[sl]
2021.11.19 11:54:40;Buy;0.06;XAUUSD;1 861.28;1 845.00;2 000.00;2021.11.19 19:42:48;1 844.03;-0.42;;-103.50;[sl]
2021.11.19 16:57:18;Buy Limit;0.50;USTEC;16 334.13;16 273.39;;2021.11.19 16:58:05;16 615.27;;;;cancelled
2021.11.19 16:57:03;Buy Limit;0.29;USTEC;16 410.45;16 307.43;;2021.11.19 16:57:17;16 604.91;;;;cancelled
2021.11.19 16:56:35;Buy Limit;0.29;USTEC;16 410.45;16 307.43;;2021.11.19 16:57:03;16 597.92;;;;cancelled
2021.11.19 16:52:36;Buy Limit;0.59;USTEC;16 410.45;16 307.43;;2021.11.19 16:56:06;16 588.02;;;;cancelled
2021.11.04 15:51:42;Buy Limit;1.01;US30;34 340.00;25 000.00;;2021.11.19 16:53:10;35 658.83;;;;cancelled
2021.11.15 02:33:48;Buy;0.13;GBPJPY;152.820;151.100;158.200;2021.11.19 12:13:05;152.769;-0.66;-0.57;-5.82;
2021.11.05 18:39:43;Buy;0.13;NZDCAD;0.88623;0.86700;0.96700;2021.11.19 12:13:03;0.88547;-0.35;-0.53;-7.81;
2021.11.11 12:52:50;Buy;0.13;AUDCAD;0.91641;0.90280;0.95800;2021.11.19 12:13:01;0.91569;-0.36;-0.99;-7.40;
2021.11.04 19:16:14;Buy;0.13;EURAUD;1.56063;1.52840;1.58800;2021.11.19 12:12:58;1.55966;-0.57;-5.11;-9.12;
2021.11.18 10:18:43;Buy;0.13;NZDSGD;0.95541;0.94330;0.98250;2021.11.19 12:12:56;0.95297;-0.35;-0.14;-23.30;
2021.11.18 08:09:28;Sell;0.13;USDCAD;1.26097;1.26952;1.23700;2021.11.19 12:12:54;1.26537;-0.49;-0.20;-45.20;
2021.11.11 12:11:31;Buy;0.13;AUDNZD;1.03966;1.02550;1.07700;2021.11.19 12:12:52;1.03400;-0.36;-1.71;-51.48;
2021.11.15 16:25:05;Buy;0.13;EURNZD;1.61914;1.60100;1.65600;2021.11.19 12:12:50;1.61283;-0.57;-3.36;-57.40;
2021.11.02 15:11:58;Buy;0.13;CADCHF;0.73578;0.71700;0.75250;2021.11.19 12:12:48;0.73164;-0.40;3.11;-58.13;
2021.11.12 19:20:38;Buy;0.13;NZDUSD;0.70432;0.68700;;2021.11.19 12:12:44;0.69975;-0.35;-0.87;-59.41;
2021.11.05 18:50:43;Buy;0.13;AUDCAD;0.92187;0.91020;0.95800;2021.11.19 12:12:42;0.91558;-0.37;-1.88;-64.62;
2021.11.18 08:05:58;Buy;0.13;CADJPY;90.546;89.400;93.000;2021.11.19 12:12:40;89.982;-0.39;-0.06;-64.39;
2021.11.02 15:35:33;Buy;0.13;NZDCHF;0.65256;0.64000;0.67600;2021.11.19 12:12:38;0.64780;-0.35;3.69;-66.83;
2021.11.18 14:57:31;Buy;0.13;EURCHF;1.05038;1.04320;1.06500;2021.11.19 12:12:36;1.04502;-0.56;-0.06;-75.26;
2021.11.10 17:32:51;Buy;0.13;CADCHF;0.73773;0.73050;0.75250;2021.11.19 12:12:34;0.73168;-0.40;1.83;-84.95;
2021.11.18 11:56:29;Buy;0.13;AUDJPY;83.181;81.300;86.000;2021.11.19 12:12:31;82.390;-0.36;-0.07;-90.31;
2021.11.11 03:36:30;Buy;0.13;GBPUSD;1.34112;1.32750;1.38141;2021.11.19 12:12:28;1.34134;-0.66;-3.27;2.86;
2021.11.15 13:30:28;Buy;0.13;NZDJPY;80.468;79.060;82.200;2021.11.19 12:12:22;79.663;-0.35;0.30;-91.91;
2021.11.12 17:01:38;Buy;0.13;AUDUSD;0.73085;0.71000;0.80000;2021.11.19 12:12:17;0.72351;-0.36;-1.95;-95.42;
2021.11.05 18:45:16;Buy;0.13;EURCAD;1.43786;1.41400;1.61000;2021.11.19 12:12:14;1.42805;-0.57;-5.95;-100.79;
2021.11.05 18:41:32;Buy;0.13;GBPUSD;1.34957;1.32750;1.38141;2021.11.19 12:12:12;1.34128;-0.67;-5.91;-107.77;
2021.11.18 15:44:41;Buy;0.13;EURJPY;129.624;128.140;132.400;2021.11.19 12:12:10;128.518;-0.56;-0.33;-126.29;
2021.11.04 15:49:47;Buy;0.26;US30;36 147.07;25 000.00;;2021.11.19 12:12:08;35 652.79;;3.37;-128.51;from #12509142
2021.10.25 14:45:52;Buy;0.13;NZDCHF;0.65702;0.64000;0.67600;2021.11.19 12:12:06;0.64783;-0.35;5.76;-129.03;
2021.11.15 02:44:34;Buy;0.13;AUDJPY;83.519;81.300;86.000;2021.11.19 12:12:04;82.382;-0.36;-0.44;-129.83;
2021.11.15 13:57:09;Sell;0.13;USDCAD;1.25232;1.26952;1.23700;2021.11.19 12:11:58;1.26525;-0.49;-1.19;-132.85;
2021.11.11 11:57:40;Buy;0.13;EURCHF;1.05575;1.04320;1.06500;2021.11.19 12:11:56;1.04516;-0.57;-0.39;-148.70;
2021.11.17 07:47:19;Buy;0.13;GBPJPY;154.226;152.250;158.200;2021.11.19 12:11:54;152.743;-0.66;-0.41;-169.33;
2021.11.05 13:07:03;Buy;0.13;AUDUSD;0.73697;0.71000;0.80000;2021.11.19 12:11:52;0.72358;-0.36;-3.91;-174.07;
2021.11.02 15:39:30;Buy;0.13;NZDUSD;0.71427;0.68700;0.74500;2021.11.19 12:11:50;0.69982;-0.35;-1.91;-187.85;
2021.11.18 03:10:34;Buy;0.13;EURCAD;1.42806;1.41400;1.61000;2021.11.19 12:11:45;1.42808;-0.56;-0.39;0.21;
2021.11.17 07:49:23;Buy;0.02;GBPCAD;1.68770;1.67000;1.72100;2021.11.19 12:11:40;1.69647;-0.10;-0.20;13.87;
2021.11.11 13:26:30;Buy;0.13;NZDCAD;0.88268;0.86700;0.93280;2021.11.19 12:11:37;0.88513;-0.35;-0.16;25.17;
2021.11.11 12:34:38;Buy;0.13;NZDCHF;0.64579;0.62030;0.67600;2021.11.19 12:11:34;0.64769;-0.35;1.67;26.69;
2021.11.18 08:16:31;Sell;0.13;USDCHF;0.92879;0.93371;0.91700;2021.11.19 12:11:31;0.92575;-0.49;-0.52;42.69;
2021.11.11 12:02:58;Buy;0.13;GBPNZD;1.90951;1.88100;1.96500;2021.11.19 12:11:28;1.91662;-0.66;-2.84;64.68;
2021.11.16 09:08:39;Sell;0.13;EURGBP;0.84611;0.86000;;2021.11.19 12:11:25;0.84184;-0.56;-0.23;74.45;
2021.11.02 16:16:52;Buy;0.13;EURCHF;1.05933;1.04320;1.06500;2021.11.19 12:11:20;1.04499;-0.57;-0.85;-201.38;
2021.11.15 02:35:22;Buy;0.13;EURJPY;130.390;128.140;132.400;2021.11.19 12:11:18;128.521;-0.57;-1.96;-213.44;
2021.11.18 15:39:33;Buy Limit;0.13;GBPAUD;1.84040;1.82000;1.88500;2021.11.19 12:11:10;1.85353;;;;cancelled
2021.11.18 15:33:01;Buy Limit;0.13;AUDUSD;0.72116;0.71000;0.74250;2021.11.19 12:11:08;0.72362;;;;cancelled
2021.11.17 18:21:18;Sell;0.13;USDJPY;114.522;115.700;110.000;2021.11.19 12:11:02;113.837;-0.49;-1.17;78.23;
2021.11.15 17:55:50;Buy;0.13;EURAUD;1.55199;1.52840;1.58800;2021.11.19 12:10:59;1.56033;-0.56;-2.13;78.44;
2021.11.05 18:57:23;Buy;0.13;AUDUSD;0.74085;0.71000;0.77100;2021.11.19 12:10:55;0.72354;-0.37;-3.91;-225.03;
2021.10.25 14:32:19;Buy;0.13;AUDCHF;0.68844;0.65700;0.71650;2021.11.19 12:10:53;0.66974;-0.37;2.83;-262.62;
2021.11.04 03:17:12;Buy;0.13;AUDUSD;0.74669;0.70500;0.80000;2021.11.19 12:10:51;0.72356;-0.37;-4.19;-300.69;
2021.11.01 15:02:00;Buy;0.13;GBPUSD;1.36785;1.31500;1.38141;2021.11.19 12:10:49;1.34113;-0.68;-8.59;-347.36;
2021.11.11 09:05:40;Sell;0.13;CHFJPY;123.955;124.550;;2021.11.19 12:10:45;122.986;-0.54;1.23;110.66;
2021.11.15 17:00:20;Buy;0.13;GBPNZD;1.90186;1.88100;1.96500;2021.11.19 12:10:42;1.91679;-0.66;-2.24;135.78;
2021.11.03 12:17:23;Buy;0.13;AUDCHF;0.67849;0.65700;0.71650;2021.11.19 12:10:23;0.66989;-0.37;1.93;-120.78;
2021.11.10 16:05:19;Buy;0.13;AUDCHF;0.67365;0.66900;0.71650;2021.11.19 12:10:21;0.66980;-0.36;1.23;-54.07;
2021.11.17 02:25:58;Buy;0.13;EURUSD;1.13220;1.11600;1.19800;2021.11.19 12:01:38;1.13018;-0.56;-1.96;-26.26;
2021.11.16 03:13:16;Buy;0.13;EURUSD;1.13779;1.11600;;2021.11.19 12:01:35;1.13018;-0.56;-2.45;-98.93;
2021.11.15 16:14:59;Buy;0.13;EURUSD;1.14384;1.11600;1.16900;2021.11.19 12:01:32;1.13018;-0.57;-2.94;-177.58;
2021.10.29 17:52:39;Buy;0.11;EURUSD;1.15777;1.11600;1.19800;2021.11.19 12:01:08;1.12999;-0.48;-8.72;-305.58;
2021.10.20 10:55:14;Buy;0.11;EURUSD;1.16256;1.11600;1.19800;2021.11.19 12:01:05;1.13001;-0.49;-13.40;-358.05;
2021.10.20 14:10:07;Buy;0.11;EURUSD;1.16357;1.11600;1.19800;2021.11.19 11:50:41;1.13024;-0.49;-13.40;-366.63;
2021.11.05 18:16:24;Buy;0.13;GBPCHF;1.23269;1.22100;1.27100;2021.11.19 11:50:37;1.24241;-0.67;3.64;136.60;
2021.11.11 12:09:52;Buy;0.13;GBPCAD;1.67982;1.66500;1.72100;2021.11.19 11:50:31;1.69796;-0.66;-2.39;186.54;
2021.11.16 16:23:58;Buy;0.03;XAUUSD;1 862.18;1 810.00;2 000.00;2021.11.18 08:41:21;1 864.53;-0.21;-0.34;7.05;
2021.11.04 18:08:40;Sell;0.13;CADJPY;91.179;93.000;87.900;2021.11.18 08:05:05;90.553;-0.40;-2.17;71.27;
2021.11.16 16:17:45;Buy Limit;0.08;XAUUSD;1 845.00;1 810.00;2 000.00;2021.11.17 07:55:22;1 853.01;;;;cancelled
2021.11.08 16:01:30;Sell;0.10;USDJPY;113.251;115.000;110.000;2021.11.17 02:01:49;114.932;-0.38;-2.28;-146.26;
2021.11.02 10:05:25;Sell;0.13;USDJPY;113.606;115.000;110.000;2021.11.17 02:01:44;114.937;-0.49;-5.02;-150.54;
2021.11.09 16:29:50;Sell;0.13;USDCHF;0.91298;0.93695;0.88260;2021.11.16 11:34:56;0.92670;-0.49;-3.80;-192.47;
2021.11.15 15:57:31;Buy;0.13;EURGBP;0.85158;0.84570;0.86900;2021.11.16 09:11:10;0.84570;-0.57;-0.54;-102.81;[sl]
2021.11.08 15:47:33;Buy Stop;0.13;GBPCHF;1.24850;1.22680;1.30600;2021.11.15 16:38:19;1.23616;;;;cancelled
2021.11.12 11:23:14;Buy Stop;0.13;EURNZD;1.63620;1.62636;1.65940;2021.11.15 16:22:45;1.61931;;;;cancelled
2021.11.11 10:50:20;Buy Stop;0.13;EURUSD;1.14543;1.13578;1.17300;2021.11.15 16:12:04;1.14358;;;;cancelled
2021.11.12 11:13:35;Buy Stop;0.13;EURAUD;1.57191;1.55765;1.74305;2021.11.15 16:00:38;1.55452;;;;cancelled
2021.11.12 10:36:09;Sell;0.13;EURGBP;0.85514;0.86000;0.79460;2021.11.15 15:52:48;0.85200;-0.57;0.04;54.84;
2021.11.08 15:50:59;Buy Stop;0.13;EURUSD;1.16166;1.15030;1.19800;2021.11.15 15:42:41;1.14446;;;;cancelled
2021.11.04 18:16:46;Sell;0.13;NZDJPY;80.722;82.250;77.335;2021.11.15 13:30:37;80.466;-0.35;-1.64;29.23;
2021.11.09 05:11:05;Buy;0.13;GBPAUD;1.83246;1.82200;;2021.11.15 11:52:00;1.82196;-0.67;-0.55;-100.50;[sl]
2021.11.04 19:04:52;Sell;0.13;AUDJPY;84.146;85.650;80.650;2021.11.15 02:44:40;83.518;-0.37;-0.81;71.66;
2021.11.05 16:24:42;Sell;0.13;EURJPY;130.971;132.600;129.000;2021.11.15 02:35:28;130.390;-0.57;0.56;66.29;
2021.11.05 16:26:33;Sell;0.13;GBPJPY;153.030;156.300;149.300;2021.11.15 02:33:40;152.825;-0.67;-1.81;23.40;
2021.11.11 11:11:08;Sell Stop;0.13;USDCHF;0.91783;0.92169;0.90100;2021.11.12 10:51:31;0.92121;;;;cancelled
2021.11.02 15:17:30;Sell;0.13;USDCAD;1.24041;1.26000;1.21700;2021.11.12 05:27:51;1.26001;-0.49;-2.39;-202.22;[sl]
2021.11.05 18:38:01;Buy;0.13;EURUSD;1.15494;1.14500;1.19800;2021.11.11 20:08:56;1.14493;-0.57;-2.94;-130.13;[sl]
2021.11.11 03:56:13;Buy;0.12;NZDSGD;0.95558;0.95000;;2021.11.11 12:36:42;0.95067;-0.32;;-43.49;
2021.11.08 16:13:03;Buy Stop;0.13;AUDCAD;0.92570;0.91450;1.05000;2021.11.11 12:20:40;0.91474;;;;cancelled
2021.11.08 16:01:36;Buy Stop;0.13;AUDCHF;0.68200;0.67200;0.71650;2021.11.11 12:15:44;0.67187;;;;cancelled
2021.11.05 16:33:13;Buy;0.13;NZDUSD;0.71027;0.70200;0.74500;2021.11.11 11:04:56;0.70197;-0.35;-0.58;-107.90;[sl]
2021.11.08 15:24:10;Buy Stop;0.13;GBPUSD;1.36520;1.32900;1.42300;2021.11.11 11:01:44;1.33865;;;;cancelled
2021.11.09 16:01:37;Buy Stop;0.13;GBPUSD;1.36083;1.34140;;2021.11.11 11:01:42;1.33865;;;;cancelled
2021.11.10 16:01:18;Buy;0.13;AUDUSD;0.73784;0.72900;0.80000;2021.11.11 10:19:53;0.72895;-0.36;-0.84;-115.57;[sl]
2021.11.10 17:47:38;Buy;0.13;NZDCHF;0.65002;0.64650;0.71500;2021.11.11 06:16:06;0.64645;-0.35;0.55;-50.52;[sl]
2021.11.11 01:31:08;Sell Stop;0.02;CHFJPY;123.960;124.550;;2021.11.11 01:31:17;124.029;;;;cancelled
2021.11.08 16:35:35;Buy;0.13;GBPCAD;1.68815;1.67200;1.91000;2021.11.11 00:17:52;1.67176;-0.67;-1.35;-170.83;[sl]
2021.11.01 15:15:09;Buy Limit;0.13;GBPNZD;1.86000;1.81300;2.14900;2021.11.08 16:07:39;1.88831;;;;cancelled
2021.11.02 15:22:37;Buy;0.13;USDCHF;0.91321;0.90830;0.93000;2021.11.08 15:29:29;0.91427;-0.49;0.56;15.07;
2021.11.04 19:18:32;Buy;0.13;EURNZD;1.62531;1.59975;1.82650;2021.11.08 15:01:07;1.61586;-0.57;-0.94;-88.01;
2021.10.21 00:03:02;Buy;0.11;AUDNZD;1.04553;1.01000;1.16886;2021.11.08 11:18:46;1.03619;-0.31;-3.14;-73.43;
2021.10.25 14:54:52;Sell;0.13;NZDCAD;0.88357;0.89466;0.83610;2021.11.05 18:36:13;0.88577;-0.35;-2.36;-22.97;
2021.11.02 15:28:26;Sell;0.13;NZDSGD;0.96264;0.97151;0.95180;2021.11.05 18:33:41;0.96082;-0.35;-1.35;17.52;
2021.10.20 15:10:10;Buy Limit;0.11;EURJPY;130.828;129.190;134.575;2021.11.05 16:17:20;130.906;;;;cancelled
2021.11.02 16:18:54;Sell;0.13;EURNZD;1.62589;1.63700;1.60541;2021.11.04 19:17:33;1.62539;-0.57;0.94;4.62;
2021.10.25 14:27:03;Buy Limit;0.13;AUDJPY;83.142;81.540;87.960;2021.11.04 18:55:38;84.059;;;;cancelled
2021.11.02 15:33:21;Buy;0.13;NZDJPY;81.286;80.540;82.500;2021.11.04 18:16:39;80.714;-0.35;0.08;-65.44;
2021.11.04 15:49:47;Buy;0.75;US30;36 147.07;25 000.00;;2021.11.04 18:10:50;36 078.13;;;-51.71;to #12537268
2021.11.02 15:44:31;Buy;0.13;CADJPY;91.775;91.120;93.835;2021.11.04 18:08:31;91.183;-0.40;-0.15;-67.75;
2021.11.01 14:51:39;Buy;0.13;EURJPY;132.167;131.146;134.575;2021.11.04 17:42:15;131.145;-0.57;-1.59;-116.94;[sl]
2021.10.20 15:52:24;Sell Limit;0.11;EURGBP;0.85185;0.85757;;2021.11.02 18:58:01;0.85076;;;;cancelled
2021.11.01 14:55:45;Buy Limit;0.13;EURCHF;1.05135;1.04220;1.06680;2021.11.02 16:14:38;1.05936;;;;cancelled
2021.10.21 16:39:38;Buy Limit;0.11;NZDUSD;0.70030;0.68380;;2021.11.02 15:37:14;0.71428;;;;cancelled
2021.10.21 16:52:14;Buy Limit;0.11;NZDJPY;80.130;78.650;83.940;2021.11.02 15:31:29;81.275;;;;cancelled
2021.11.02 11:58:47;Buy;0.13;GBPJPY;154.809;153.068;159.800;2021.11.02 14:43:15;154.820;-0.67;;1.25;
2021.10.25 14:10:50;Sell;0.13;EURGBP;0.84401;0.85100;0.82670;2021.11.02 13:46:31;0.85101;-0.57;0.40;-124.02;[sl]
2021.10.29 18:56:53;Buy;0.13;GBPAUD;1.82209;1.81360;1.84150;2021.11.02 04:06:40;1.81355;-0.68;-0.22;-83.56;[sl]
2021.10.26 09:15:15;Sell;0.13;CADCHF;0.74300;0.74960;0.73400;2021.11.01 18:08:48;0.73699;-0.40;-2.31;85.77;
2021.11.01 09:55:20;Buy;0.13;USDCHF;0.91663;0.91120;0.92370;2021.11.01 17:45:58;0.91120;-0.49;;-77.47;[sl]
2021.10.25 15:02:14;Buy;0.13;GBPCHF;1.26455;1.25050;1.30370;2021.11.01 12:01:05;1.25045;-0.68;1.76;-200.09;[sl]
2021.10.29 16:11:24;Buy;0.13;GBPUSD;1.37549;1.36726;1.40310;2021.10.29 19:37:15;1.36722;-0.68;;-107.51;[sl]
2021.10.20 18:20:01;Buy;0.11;GBPUSD;1.38234;1.36726;1.40310;2021.10.29 19:37:15;1.36722;-0.58;-4.37;-166.32;[sl]
2021.10.20 17:07:12;Buy;0.11;GBPUSD;1.37937;1.36726;1.40310;2021.10.29 19:37:15;1.36722;-0.58;-4.37;-133.65;[sl]
2021.10.20 15:41:46;Sell;0.11;EURCHF;1.07355;1.07155;1.05907;2021.10.29 17:09:46;1.05909;-0.49;-2.10;174.37;[tp]
2021.10.20 11:27:30;Sell;0.11;USDCHF;0.92444;0.93166;0.91120;2021.10.29 03:51:36;0.91188;-0.42;-5.63;151.51;
2021.10.19 03:24:31;Sell;0.10;USDCHF;0.92323;0.93168;0.91120;2021.10.29 03:51:33;0.91185;-0.38;-5.62;124.80;
2021.10.26 17:00:37;Sell;0.13;CHFJPY;124.134;124.575;121.885;2021.10.29 00:00:30;124.619;-0.54;0.65;-55.49;[sl]
2021.10.20 17:04:07;Sell;0.11;AUDCAD;0.92529;0.93250;0.89818;2021.10.27 03:30:49;0.93254;-0.31;-0.49;-64.40;[sl]
2021.10.21 09:42:22;Buy;0.11;EURAUD;1.55472;1.54600;1.58080;2021.10.26 04:21:28;1.54601;-0.49;-0.84;-71.94;[sl]
2021.10.25 14:50:09;Buy Limit;0.13;NZDCAD;0.87810;0.87178;0.90451;2021.10.25 14:51:07;0.88375;;;;cancelled
2021.10.21 16:49:18;Buy Limit;0.11;NZDJPY;79.222;77.770;;2021.10.25 14:40:55;81.282;;;;cancelled
2021.10.21 17:13:40;Buy Limit;0.11;NZDUSD;0.70628;0.69455;;2021.10.25 14:38:03;0.71512;;;;cancelled
2021.10.20 16:27:00;Sell Limit;0.11;EURCAD;1.46402;1.47900;;2021.10.25 14:18:44;1.43620;;;;cancelled
2021.10.25 04:39:12;Balance;;;;;;;;;;3 002.10;
2021.10.20 14:20:53;Buy Limit;0.11;AUDUSD;0.73766;0.72258;;2021.10.22 13:58:55;0.75041;;;;cancelled
2021.10.20 16:22:28;Sell Limit;0.11;EURNZD;1.64085;1.65230;;2021.10.22 13:53:23;1.62342;;;;cancelled
2021.10.01 03:52:27;Buy Limit;0.10;EURUSD;1.15123;1.14175;;2021.10.20 16:42:11;1.16438;;;;cancelled
2021.10.04 15:27:26;Buy;0.10;EURUSD;1.16383;1.14175;1.17700;2021.10.20 10:35:45;1.16186;-0.44;-6.43;-19.70;
2021.09.29 16:42:06;Buy;0.10;EURUSD;1.16324;1.14175;1.17700;2021.10.20 10:35:42;1.16186;-0.44;-8.68;-13.80;
2021.09.29 19:50:54;Buy;0.10;EURUSD;1.16025;1.14175;1.17700;2021.10.20 10:35:40;1.16186;-0.44;-8.68;16.10;
2021.09.29 10:06:44;Buy;0.10;EURUSD;1.16657;1.14175;1.17700;2021.10.20 10:35:37;1.16186;-0.44;-8.68;-47.10;
2021.09.27 13:52:51;Buy;0.10;EURUSD;1.17060;1.14175;1.17700;2021.10.20 10:35:34;1.16189;-0.44;-9.38;-87.10;
2021.10.14 00:00:30;Buy;0.10;EURUSD;1.15987;1.14175;;2021.10.20 10:35:32;1.16187;-0.44;-1.56;20.00;
2021.08.23 18:02:16;Buy;0.58;US500;4 481.36;4 155.00;;2021.10.20 10:35:29;4 521.95;;-12.86;23.54;
2021.08.23 16:37:50;Buy;0.16;USTEC;15 183.40;14 382.04;;2021.10.20 10:35:25;15 415.06;;-12.12;37.07;
2021.10.19 02:30:02;Buy;0.10;GBPUSD;1.37297;1.35575;1.38831;2021.10.20 10:35:23;1.37814;-0.52;-0.36;51.70;
2021.10.07 09:35:59;Buy;0.10;EURUSD;1.15631;1.14175;;2021.10.20 10:35:21;1.16197;-0.44;-4.34;56.60;
2021.09.20 06:53:08;Buy;0.58;US500;4 400.14;4 155.00;;2021.10.20 10:35:18;4 522.45;;-6.56;70.94;
2021.10.05 08:14:22;Sell;0.10;USDSGD;1.35811;1.36417;;2021.10.20 10:35:15;1.34507;-0.38;-1.74;96.95;
2021.10.14 18:20:35;Buy;0.10;GBPUSD;1.36778;1.35575;1.38831;2021.10.20 10:35:12;1.37812;-0.52;-1.44;103.40;
2021.10.01 04:03:32;Buy;0.58;US500;4 298.06;4 155.00;;2021.10.20 10:35:09;4 522.45;;-4.15;130.15;
2021.10.14 18:06:54;Buy;0.10;NZDUSD;0.70250;0.68460;0.72675;2021.10.20 10:35:07;0.71661;-0.27;-0.60;141.10;
2021.09.29 05:26:06;Buy;0.10;NZDUSD;0.69509;0.68460;0.72675;2021.10.20 10:35:05;0.71661;-0.26;-3.12;215.20;
2021.10.06 12:26:22;Buy;0.10;NZDCHF;0.63953;0.62655;0.67533;2021.10.20 10:35:03;0.66290;-0.26;2.87;252.63;
2021.09.29 15:51:32;Buy;0.10;NZDUSD;0.69128;0.68460;0.72675;2021.10.20 10:35:00;0.71667;-0.26;-3.12;253.90;
2021.09.23 09:31:45;Buy;0.10;EURUSD;1.17166;1.14175;1.17700;2021.10.20 10:34:49;1.16210;-0.45;-10.08;-95.60;
2021.09.22 21:03:00;Buy;0.10;EURUSD;1.17285;1.14175;1.17700;2021.10.20 10:34:47;1.16213;-0.45;-11.14;-107.20;
2021.10.18 03:37:24;Buy;0.10;EURGBP;0.84292;0.83500;0.85370;2021.10.20 10:34:44;0.84327;-0.44;-0.90;4.82;
2021.10.15 10:45:58;Buy;0.10;EURCHF;1.07227;1.06708;1.07900;2021.10.20 10:34:40;1.07500;-0.44;-0.12;29.51;
2021.10.18 03:43:23;Buy;0.10;EURCAD;1.43504;1.42060;1.47123;2021.10.20 10:34:36;1.43450;-0.44;-0.84;-4.38;
2021.10.05 17:47:12;Buy;0.10;CADCHF;0.73930;0.72630;0.77071;2021.10.20 10:34:33;0.74939;-0.30;1.90;109.08;
2021.10.18 03:48:03;Buy;0.10;AUDUSD;0.74126;0.72915;0.77000;2021.10.20 10:34:30;0.74859;-0.28;-0.42;73.30;
2021.10.12 02:45:24;Buy;0.10;AUDCAD;0.91737;0.91030;0.93145;2021.10.20 10:34:27;0.92393;-0.28;-0.84;53.15;
2021.10.15 11:46:03;Sell;0.10;EURJPY;132.617;133.688;131.059;2021.10.19 05:38:03;132.918;-0.44;0.02;-26.35;
2021.10.14 17:55:22;Sell Limit;0.11;AUDJPY;85.205;86.165;82.895;2021.10.19 04:32:11;84.804;;;;cancelled
2021.10.13 17:40:25;Sell Limit;0.03;XAUUSD;1 810.95;1 834.00;;2021.10.14 18:27:33;1 797.07;;;;cancelled
2021.09.24 14:06:47;Buy Limit;0.11;AUDCHF;0.66581;0.65770;0.68670;2021.10.14 17:49:38;0.68507;;;;cancelled
2021.10.12 02:30:56;Buy;0.10;EURCAD;1.44259;1.43080;1.47430;2021.10.14 17:40:08;1.43415;-0.44;-1.57;-68.22;
2021.10.13 20:57:05;Sell;0.02;XAUUSD;1 790.88;1 834.00;;2021.10.14 11:24:36;1 795.15;-0.14;-0.11;-8.54;
2021.10.07 12:17:28;Buy;0.10;GBPCHF;1.26152;1.25315;;2021.10.14 09:34:29;1.26099;-0.52;1.28;-5.75;
2021.10.12 02:22:35;Buy;0.10;EURCHF;1.07180;1.06700;1.07890;2021.10.14 09:34:25;1.06873;-0.44;-0.16;-33.30;
2021.10.05 17:50:36;Buy;0.10;GBPCHF;1.26506;1.25315;1.28660;2021.10.14 09:34:20;1.26106;-0.52;1.91;-43.39;
2021.10.12 02:57:43;Buy;0.10;USDCHF;0.92764;0.92000;0.94490;2021.10.14 09:34:16;0.92183;-0.38;0.31;-63.03;
2021.09.20 18:13:51;Buy;0.10;NZDJPY;77.056;77.703;79.700;2021.10.14 09:31:47;79.292;-0.27;0.72;196.96;
2021.09.20 14:52:52;Buy;0.10;AUDUSD;0.72221;0.72347;0.73970;2021.10.14 03:31:23;0.73913;-0.27;-5.50;169.20;
2021.09.30 02:36:14;Buy;0.10;AUDUSD;0.71791;0.72243;0.73970;2021.10.14 03:31:20;0.73910;-0.27;-2.96;211.90;
2021.09.30 16:36:03;Buy;0.10;AUDUSD;0.72219;0.72243;0.73970;2021.10.14 03:31:16;0.73910;-0.27;-2.96;169.10;
2021.10.11 04:06:44;Buy;0.03;XAUUSD;1 758.00;1 720.00;1 800.00;2021.10.13 17:26:05;1 788.06;-0.20;-0.14;90.18;
2021.09.29 19:33:58;Buy;0.03;XAUUSD;1 728.07;1 729.10;1 800.00;2021.10.13 17:26:01;1 788.15;-0.20;-1.39;180.24;
2021.10.07 03:17:30;Buy;0.10;EURNZD;1.67181;1.66100;;2021.10.12 13:27:42;1.66100;-0.44;-1.44;-75.17;[sl]
2021.10.06 14:23:07;Buy;0.10;GBPUSD;1.35714;1.33165;1.37770;2021.10.12 02:47:34;1.35902;-0.52;-2.10;18.80;
2021.09.29 15:53:33;Buy;0.10;GBPUSD;1.34597;1.34737;1.37770;2021.10.12 02:47:29;1.35902;-0.51;-5.20;130.50;
2021.09.14 07:55:16;Sell;0.05;EURAUD;1.60874;1.59685;1.55791;2021.10.11 18:12:18;1.57076;-0.22;1.18;139.93;from #7711158
2021.09.15 05:29:42;Sell;0.10;EURAUD;1.61432;1.60263;1.55791;2021.10.11 18:12:15;1.57076;-0.45;2.30;320.98;
2021.10.08 04:25:33;Buy;0.10;EURJPY;129.208;127.821;131.146;2021.10.11 17:47:12;131.147;-0.44;-0.22;171.15;[tp]
2021.10.05 04:40:59;Buy;0.11;EURJPY;128.902;127.821;131.146;2021.10.11 17:47:12;131.147;-0.49;-1.76;217.98;[tp]
2021.10.04 15:16:52;Buy;0.10;EURJPY;129.203;129.241;131.146;2021.10.11 17:47:12;131.147;-0.44;-2.07;171.59;[tp]
2021.09.15 14:31:00;Buy;0.10;AUDJPY;79.992;81.019;82.591;2021.10.11 08:46:42;82.591;-0.28;-1.20;230.53;[tp]
2021.10.04 15:31:20;Buy;0.10;AUDCAD;0.91941;0.90922;0.93170;2021.10.08 16:40:40;0.91396;-0.28;-0.79;-43.58;
2021.10.04 18:14:36;Buy;0.10;AUDCAD;0.91610;0.90922;0.93170;2021.10.08 16:40:36;0.91394;-0.28;-0.79;-17.27;
2021.10.05 08:13:27;Buy;0.10;USDCAD;1.26187;1.24781;;2021.10.08 16:04:28;1.24966;-0.38;-1.05;-97.71;
2021.10.05 16:18:41;Buy;0.10;EURCAD;1.45895;1.44555;1.49428;2021.10.08 16:04:23;1.44621;-0.44;-1.99;-101.95;
2021.10.05 09:16:05;Buy;0.10;GBPCAD;1.71605;1.70419;1.74473;2021.10.08 16:02:35;1.70421;-0.52;-2.00;-94.73;[sl]
2021.10.04 15:28:57;Buy Stop;0.10;EURCAD;1.47068;1.44555;1.49428;2021.10.08 15:56:54;1.44640;;;;cancelled
2021.09.23 11:20:54;Buy;0.10;AUDUSD;0.72677;0.71061;0.73970;2021.10.08 03:57:49;0.73190;-0.28;-3.21;51.30;
2021.09.14 07:55:16;Sell;0.05;EURAUD;1.60874;1.59685;1.55791;2021.10.08 03:24:50;1.58091;-0.23;1.14;101.71;to #10246836
2021.10.04 15:18:50;Buy;0.10;EURGBP;0.85552;0.84900;0.86811;2021.10.07 17:11:18;0.84901;-0.44;-2.38;-88.66;[sl]
2021.10.07 03:10:40;Buy;0.10;NZDUSD;0.69157;0.68460;0.70901;2021.10.07 03:11:50;0.69160;-0.26;;0.30;
2021.10.05 19:11:19;Buy;0.10;EURCHF;1.07690;1.07125;1.08700;2021.10.06 16:48:13;1.07124;-0.44;-0.24;-61.01;[sl]
2021.09.30 02:49:49;Buy;0.10;NZDUSD;0.68705;0.68800;0.70901;2021.10.06 12:10:04;0.68799;-0.26;-0.60;9.40;[sl]
2021.10.04 21:00:00;Buy;0.10;NZDCAD;0.87869;0.86935;0.89680;2021.10.06 11:55:51;0.86978;-0.26;-0.20;-70.54;
2021.10.04 15:38:57;Buy;0.10;NZDCAD;0.87920;0.86935;0.89680;2021.10.06 11:55:49;0.86978;-0.26;-0.20;-74.58;
2021.09.28 10:38:56;Buy;0.10;NZDCAD;0.88227;0.86990;0.90876;2021.10.06 11:53:52;0.86990;-0.27;-0.82;-97.95;[sl]
2021.09.30 18:28:32;Sell;0.11;USDJPY;111.546;112.100;110.500;2021.10.05 17:48:23;111.512;-0.42;-0.96;3.35;
2021.10.04 19:38:16;Sell;0.11;CADJPY;88.182;88.573;85.500;2021.10.05 16:50:08;88.575;-0.33;-0.37;-38.82;[sl]
2021.09.30 04:57:14;Sell;0.10;USDCAD;1.27418;1.28485;;2021.10.05 08:07:18;1.26187;-0.38;-0.57;97.55;
2021.09.23 16:24:35;Sell;0.10;USDCAD;1.26697;1.27755;1.23671;2021.10.05 08:07:04;1.26189;-0.38;-1.78;40.26;
2021.10.04 15:27:16;Buy;0.11;USDCHF;0.92485;0.91940;;2021.10.05 04:47:38;0.92577;-0.42;0.08;10.93;
2021.10.01 09:20:21;Sell Limit;0.07;US30;34 559.73;35 518.03;;2021.10.04 18:27:11;33 927.75;;;;cancelled
2021.10.04 15:49:12;Sell;0.10;CADJPY;88.011;88.573;85.500;2021.10.04 16:57:29;88.503;-0.30;;-44.25;
2021.09.24 16:20:13;Buy;0.10;CADCHF;0.72779;0.71807;0.76205;2021.10.04 16:57:26;0.73609;-0.30;1.08;89.73;
2021.09.30 12:08:45;Buy;0.10;GBPCHF;1.25578;1.24650;1.28190;2021.10.04 15:42:30;1.25732;-0.51;0.10;16.66;
2021.09.23 10:07:39;Buy;0.11;AUDCHF;0.67046;0.65770;0.68670;2021.10.04 15:29:50;0.67420;-0.30;0.78;44.50;
2021.09.30 10:09:32;Buy Limit;0.10;NZDUSD;0.68405;0.68043;0.69680;2021.10.04 13:55:55;0.69636;;;;cancelled
2021.09.30 21:55:58;Sell;0.11;USDCHF;0.93275;0.93792;0.92833;2021.10.01 16:00:04;0.92827;-0.42;-0.55;53.09;[tp]
2021.09.30 19:21:37;Sell;0.11;USDCHF;0.93408;0.93792;0.92833;2021.10.01 16:00:04;0.92827;-0.42;-0.55;68.85;[tp]
2021.09.23 06:38:03;Buy;0.11;EURCHF;1.08433;1.07815;1.09340;2021.10.01 00:02:00;1.07736;-0.49;-1.32;-82.47;[sl]
2021.09.23 11:05:40;Buy Limit;0.10;AUDCAD;0.91418;0.90710;0.93440;2021.09.30 17:59:31;0.91509;;;;cancelled
2021.09.27 17:10:42;Buy;0.11;EURCAD;1.48053;1.46883;1.50500;2021.09.30 17:44:14;1.46882;-0.49;-3.10;-101.64;[sl]
2021.09.30 07:00:11;Sell;0.11;USDCHF;0.93343;0.93655;;2021.09.30 13:25:58;0.93631;-0.42;;-33.83;
2021.09.15 15:09:52;Buy;0.10;AUDNZD;1.03193;1.02580;1.05590;2021.09.30 01:57:48;1.04493;-0.28;-1.76;89.25;
2021.09.16 15:30:12;Buy;0.10;EURUSD;1.17575;1.14175;1.17775;2021.09.30 01:43:21;1.15978;-0.45;-5.21;-159.70;
2021.09.13 16:35:31;Buy;0.10;EURUSD;1.17965;1.14175;1.18153;2021.09.30 01:43:18;1.15978;-0.45;-6.97;-198.70;
2021.09.20 17:35:22;Buy;0.05;EURJPY;128.380;128.560;131.495;2021.09.30 01:43:10;129.845;-0.22;-1.75;65.43;from #8707409
2021.09.16 10:18:06;Buy;0.11;EURJPY;128.906;129.121;131.495;2021.09.30 01:43:07;129.845;-0.49;-4.40;92.26;
2021.09.24 12:43:23;Buy;0.10;EURGBP;0.85566;0.85580;0.87100;2021.09.30 01:42:58;0.86358;-0.45;-2.86;106.36;
2021.09.16 13:33:56;Sell;0.10;GBPAUD;1.88916;1.87858;1.84825;2021.09.30 01:42:56;1.87142;-0.53;-2.22;127.32;
2021.09.29 04:02:10;Buy Stop;0.10;GBPUSD;1.35718;1.33000;;2021.09.29 19:33:30;1.34223;;;;cancelled
2021.09.29 05:50:45;Buy;0.06;XAUUSD;1 741.27;1 723.00;1 780.00;2021.09.29 17:31:29;1 727.70;-0.40;;-81.42;
2021.09.28 03:36:00;Sell;0.11;USDCHF;0.92601;0.93350;0.91695;2021.09.29 17:30:45;0.93265;-0.42;-0.41;-78.31;
2021.09.23 11:35:43;Buy;0.11;GBPCHF;1.26226;1.25112;1.28610;2021.09.29 16:33:40;1.25142;-0.57;0.76;-128.13;
2021.09.20 18:09:24;Buy;0.10;NZDUSD;0.70345;0.68133;0.70245;2021.09.29 16:09:36;0.69051;-0.27;-1.34;-129.40;
2021.09.24 12:39:16;Buy;0.10;EURNZD;1.66609;1.66694;1.68875;2021.09.29 16:09:30;1.68589;-0.45;-0.87;136.73;
2021.09.20 18:21:45;Buy;0.10;GBPUSD;1.36805;1.35666;1.39130;2021.09.28 15:21:48;1.35660;-0.52;-2.71;-114.50;[sl]
2021.09.24 14:09:13;Buy Stop;0.10;NZDUSD;0.70931;0.69436;0.72475;2021.09.28 11:36:09;0.69805;;;;cancelled
2021.09.22 09:33:10;Buy;0.05;USDJPY;109.565;109.604;111.341;2021.09.28 03:34:45;110.957;-0.19;-0.32;62.73;from #8870346
2021.09.24 12:32:47;Buy Stop;0.10;EURUSD;1.17577;1.16628;1.19742;2021.09.27 13:33:18;1.17015;;;;cancelled
2021.09.20 17:35:22;Buy;0.05;EURJPY;128.380;128.560;131.135;2021.09.27 05:27:51;129.669;-0.23;-0.83;58.26;to #9179676
2021.09.22 09:33:10;Buy;0.06;USDJPY;109.565;109.604;111.341;2021.09.24 18:04:27;110.627;-0.23;-0.26;57.60;to #9150363
2021.09.24 10:35:55;Sell;0.10;CADJPY;87.081;88.045;85.112;2021.09.24 16:18:21;87.028;-0.30;;4.79;
2021.09.14 22:00:16;Buy Limit;0.11;AUDCHF;0.66311;0.65461;0.68670;2021.09.24 14:06:15;0.67018;;;;cancelled
2021.09.17 18:35:05;Buy;0.03;XAUUSD;1 753.92;1 742.00;1 800.00;2021.09.23 16:31:29;1 753.99;-0.20;-0.43;0.21;
2021.09.20 18:34:52;Buy;0.10;EURNZD;1.66901;1.65700;1.68210;2021.09.23 15:59:56;1.65715;-0.45;-1.40;-83.93;[sl]
2021.09.13 18:04:19;Buy;0.10;EURGBP;0.85290;0.85574;0.86310;2021.09.23 14:00:27;0.85565;-0.45;-5.25;37.65;[sl]
2021.09.23 12:08:44;Sell;0.09;US30;34 562.13;35 518.03;;2021.09.23 12:53:10;34 478.03;;;7.57;
2021.09.20 17:57:21;Sell;0.10;EURCAD;1.50278;1.49971;1.48615;2021.09.23 10:35:37;1.48611;-0.45;0.70;131.41;[tp]
2021.09.22 23:34:28;Buy Limit;0.10;EURUSD;1.16820;1.15960;;2021.09.23 06:42:38;1.17065;;;;cancelled
2021.09.20 09:38:51;Buy;0.11;AUDJPY;79.419;79.440;82.591;2021.09.22 21:00:06;79.434;-0.30;-0.12;1.50;[sl]
2021.09.20 10:20:39;Buy;0.10;EURUSD;1.17088;1.17120;1.18465;2021.09.22 21:00:00;1.17079;-0.44;-0.70;-0.90;[sl]
2021.09.21 16:48:42;Buy Stop;0.10;AUDJPY;79.830;77.882;82.591;2021.09.22 18:55:11;79.595;;;;cancelled
2021.09.21 16:53:56;Buy Stop;0.10;AUDUSD;0.72831;0.71060;0.74135;2021.09.22 18:55:08;0.72615;;;;cancelled
2021.09.21 17:21:23;Buy Stop;0.10;EURUSD;1.17890;1.16910;1.19081;2021.09.22 18:55:05;1.17376;;;;cancelled
2021.09.21 07:12:57;Balance;;;;;;;;;;-1 500.00;
2021.09.17 14:00:39;Sell Limit;0.10;AUDCHF;0.68070;0.68375;0.67610;2021.09.20 18:04:53;0.67344;;;;cancelled
2021.09.20 12:46:35;Sell;0.10;AUDCAD;0.92831;0.93198;0.92098;2021.09.20 15:35:17;0.93110;-0.27;;-21.64;
2021.09.15 15:29:32;Sell;0.10;NZDCAD;0.90018;0.90425;0.88840;2021.09.20 15:35:13;0.90334;-0.27;-0.11;-24.51;
2021.09.16 13:15:35;Sell;0.10;NZDJPY;77.801;78.663;76.628;2021.09.20 15:35:10;76.727;-0.27;-0.16;98.08;
2021.09.17 17:45:34;Sell;0.10;EURCAD;1.49610;1.50185;1.46568;2021.09.20 12:39:52;1.50127;-0.45;0.14;-40.30;
2021.09.16 18:08:11;Sell;0.10;NZDUSD;0.70643;0.71405;0.69851;2021.09.20 12:39:49;0.70169;-0.27;-0.28;47.40;
2021.09.17 11:39:24;Buy;0.10;AUDUSD;0.73206;0.71475;0.74135;2021.09.20 05:25:48;0.72306;-0.28;-0.21;-90.00;
2021.09.13 17:50:26;Buy;0.12;EURCHF;1.08755;1.08041;1.09618;2021.09.20 05:25:45;1.09306;-0.54;-0.30;70.86;
2021.09.16 16:00:22;Sell;0.10;EURCAD;1.48606;1.50185;1.46568;2021.09.20 05:23:33;1.49811;-0.45;0.28;-94.23;
2021.09.13 18:47:53;Buy;0.12;USDSGD;1.34195;1.33590;1.35411;2021.09.20 05:23:30;1.35162;-0.46;-1.26;85.85;
2021.09.13 16:35:31;Buy;0.11;EURJPY;129.755;127.920;130.042;2021.09.20 05:23:11;128.748;-0.49;-1.93;-100.79;
2021.09.16 16:11:54;Sell;0.10;GBPUSD;1.37921;1.37724;1.36738;2021.09.20 05:23:08;1.37024;-0.52;-0.64;89.70;
2021.09.17 17:43:27;Buy Stop;0.10;EURUSD;1.17865;1.16909;1.18465;2021.09.20 04:56:10;1.17197;;;;cancelled
2021.09.17 17:41:22;Buy Stop;0.11;EURJPY;129.266;127.920;130.042;2021.09.20 04:53:25;128.843;;;;cancelled
2021.09.17 17:55:39;Buy Stop;0.10;AUDUSD;0.72929;0.71475;0.74135;2021.09.20 04:41:16;0.72469;;;;cancelled
2021.09.16 18:08:05;Sell;0.10;NZDCHF;0.65355;0.65835;0.64510;2021.09.17 11:55:50;0.65661;-0.27;-0.22;-33.00;
2021.09.16 13:11:23;Sell;0.10;AUDCHF;0.67568;0.68055;0.66692;2021.09.17 11:42:09;0.67836;-0.28;-0.22;-28.92;
2021.09.14 20:10:17;Sell;0.09;US30;34 559.12;35 517.93;;2021.09.17 09:20:52;34 809.24;;-0.75;-22.51;
2021.09.15 16:51:11;Buy;0.10;NZDUSD;0.71138;0.70300;0.72485;2021.09.16 17:58:15;0.70608;-0.27;-0.45;-53.00;
2021.09.13 18:29:56;Buy;0.10;AUDUSD;0.73727;0.72793;0.74213;2021.09.16 17:05:03;0.72844;-0.28;-1.04;-88.30;
2021.08.30 15:57:29;Buy;0.10;USDCHF;0.91590;0.90653;0.93668;2021.09.16 17:04:59;0.92638;-0.38;1.61;113.13;
2021.09.16 13:06:31;Buy Stop;0.10;AUDUSD;0.73275;0.72793;0.74213;2021.09.16 17:03:28;0.72834;;;;cancelled
2021.09.01 13:15:25;Buy;0.10;GBPUSD;1.37537;1.36700;1.40150;2021.09.16 15:38:22;1.38167;-0.52;-5.23;63.00;
2021.09.13 10:43:20;Buy;0.10;GBPUSD;1.38156;1.36700;1.40150;2021.09.16 15:38:18;1.38175;-0.52;-1.61;1.90;
2021.09.10 11:05:35;Sell Limit;0.10;USDJPY;110.439;110.810;109.759;2021.09.16 13:31:40;109.415;;;;cancelled
2021.09.15 15:07:38;Buy Limit;0.10;AUDCHF;0.66631;0.65461;0.68670;2021.09.16 13:12:32;0.67574;;;;cancelled
2021.09.14 09:10:37;Buy Limit;0.10;AUDUSD;0.72490;0.71490;0.74772;2021.09.16 13:05:23;0.73151;;;;cancelled
2021.09.10 10:56:12;Sell Limit;0.10;GBPJPY;152.960;153.646;151.022;2021.09.15 17:15:18;151.235;;;;cancelled
2021.09.15 15:01:20;Balance;;;;;;;;;;-0.67;
2021.09.10 14:22:06;Buy;0.10;CADCHF;0.72736;0.72222;0.73566;2021.09.15 14:36:55;0.72221;-0.30;0.42;-56.17;[sl]
2021.09.15 00:00:11;Balance;;;;;;;;;;0.73;
2021.09.15 00:00:08;Balance;;;;;;;;;;-0.06;
2021.09.02 17:33:55;Sell;0.10;NZDCAD;0.89489;0.90801;0.88753;2021.09.13 16:19:33;0.90021;-0.27;-0.63;-42.03;
2021.09.08 15:49:53;Sell;0.10;NZDCAD;0.90074;0.90801;0.88753;2021.09.13 16:19:30;0.90021;-0.27;-0.15;4.19;
2021.09.13 10:32:39;Sell;0.10;NZDJPY;78.274;79.783;76.927;2021.09.13 16:19:27;78.271;-0.27;;0.28;
2021.09.02 18:03:51;Sell;0.10;NZDCHF;0.65010;0.66099;0.64083;2021.09.13 16:19:25;0.65601;-0.27;-2.33;-64.07;
2021.09.06 03:45:03;Sell;0.10;NZDCHF;0.65331;0.66099;0.64083;2021.09.13 16:19:22;0.65601;-0.27;-1.73;-29.27;
2021.08.31 16:20:39;Sell;0.10;NZDJPY;77.428;79.783;76.927;2021.09.13 16:19:19;78.273;-0.27;-1.81;-76.78;
2021.08.31 16:16:55;Sell;0.10;NZDUSD;0.70449;0.72243;0.70223;2021.09.13 16:19:17;0.71124;-0.27;-1.80;-67.50;
2021.09.02 17:18:13;Sell;0.10;NZDUSD;0.71050;0.72243;0.70223;2021.09.13 16:19:14;0.71125;-0.27;-1.25;-7.50;
2021.09.07 03:30:59;Sell;0.10;NZDUSD;0.71508;0.72243;0.70223;2021.09.13 16:19:10;0.71127;-0.27;-0.83;38.10;
2021.08.31 16:14:13;Sell;0.10;AUDJPY;80.318;82.815;80.112;2021.09.13 16:16:49;81.078;-0.28;-1.58;-69.05;
2021.09.02 06:04:27;Sell;0.10;AUDJPY;80.938;82.815;80.112;2021.09.13 16:16:46;81.080;-0.28;-1.00;-12.90;
2021.09.02 16:45:43;Sell;0.10;AUDJPY;81.471;82.815;80.112;2021.09.13 16:16:43;81.080;-0.28;-1.00;35.53;
2021.09.02 13:16:09;Sell;0.10;EURCHF;1.08603;1.09210;1.07941;2021.09.13 16:16:40;1.08739;-0.45;-2.05;-14.74;
2021.09.01 12:49:48;Sell;0.10;EURCHF;1.08329;1.09210;1.07941;2021.09.13 16:16:38;1.08739;-0.45;-2.93;-44.44;
2021.09.07 19:59:06;Sell;0.10;EURCHF;1.08819;1.09210;1.07941;2021.09.13 16:16:35;1.08739;-0.45;-1.15;8.67;
2021.09.09 15:38:07;Sell;0.10;GBPCAD;1.75602;1.76267;1.74203;2021.09.13 16:16:33;1.75084;-0.53;-0.14;40.92;
2021.09.03 17:06:59;Buy;0.10;GBPAUD;1.86210;1.86564;1.88481;2021.09.13 16:16:27;1.87738;-0.53;-1.02;112.56;
2021.09.02 05:57:34;Sell;0.10;AUDUSD;0.73592;0.75115;0.73059;2021.09.13 16:16:11;0.73664;-0.28;-1.09;-7.20;
2021.08.31 16:11:55;Sell;0.10;AUDUSD;0.73122;0.75115;0.73059;2021.09.13 16:16:08;0.73665;-0.28;-1.58;-54.30;
2021.09.03 08:35:40;Sell;0.10;AUDUSD;0.74164;0.75115;0.73059;2021.09.13 16:16:06;0.73665;-0.28;-0.97;49.90;
2021.09.06 03:34:03;Sell;0.10;AUDUSD;0.74355;0.74842;0.73059;2021.09.13 16:16:03;0.73665;-0.28;-0.85;69.00;
2021.08.24 16:52:21;Sell;0.10;EURGBP;0.85626;0.85489;0.84918;2021.09.13 16:03:09;0.85193;-0.45;0.60;59.91;
2021.09.02 05:44:41;Sell;0.10;EURGBP;0.85940;0.85807;0.84918;2021.09.13 16:02:57;0.85195;-0.45;-0.06;103.07;
2021.09.02 09:44:37;Buy;0.10;GBPCHF;1.26088;1.25577;1.27900;2021.09.13 12:48:53;1.27362;-0.52;1.11;138.21;
2021.08.31 16:23:32;Sell;0.10;NZDCHF;0.64350;0.66099;0.64083;2021.09.13 12:48:50;0.65548;-0.27;-3.43;-129.96;
2021.08.31 16:06:42;Sell;0.10;EURJPY;129.865;131.150;129.348;2021.09.13 11:50:11;129.816;-0.45;-0.40;4.45;
2021.09.01 10:59:20;Sell;0.10;EURJPY;130.356;129.860;129.348;2021.09.13 11:50:08;129.817;-0.45;-0.44;48.94;
2021.09.13 10:42:49;Buy;0.02;GBPUSD;1.38162;1.36700;1.39328;2021.09.13 10:43:04;1.38165;-0.11;;0.06;
2021.09.03 15:30:38;Sell;0.10;EURUSD;1.19001;1.18734;1.17766;2021.09.13 10:01:58;1.17766;-0.45;0.60;123.50;[tp]
2021.09.02 12:52:22;Sell;0.10;EURUSD;1.18525;1.18279;1.17766;2021.09.13 10:01:58;1.17766;-0.45;0.68;75.90;[tp]
2021.08.31 16:05:12;Sell;0.10;EURUSD;1.18238;1.18005;1.17766;2021.09.13 10:01:58;1.17766;-0.45;1.01;47.20;[tp]
2021.08.25 00:28:08;Sell;0.10;EURGBP;0.85529;0.85489;0.84918;2021.09.13 00:36:21;0.85492;-0.45;0.50;5.12;[sl]
2021.09.10 05:00:23;Buy;0.10;EURCAD;1.49640;1.49153;1.51275;2021.09.10 13:30:27;1.49249;-0.45;;-31.00;
2021.09.08 11:15:11;Sell Limit;0.10;USDCAD;1.28075;1.29068;1.24799;2021.09.10 11:01:06;1.26132;;;;cancelled
2021.09.09 08:29:38;Sell;0.10;GBPJPY;151.517;152.299;150.382;2021.09.10 09:58:21;152.299;-0.52;-0.18;-71.13;[sl]
2021.09.09 14:25:25;Sell;0.10;EURCAD;1.50134;1.50610;1.49455;2021.09.09 17:31:59;1.49452;-0.45;;53.88;[tp]
2021.09.08 13:12:27;Buy;0.10;AUDNZD;1.03895;1.03470;1.04870;2021.09.09 14:32:23;1.03567;-0.28;-0.26;-23.34;
2021.09.02 13:22:14;Buy;0.10;AUDNZD;1.04198;1.03470;1.04870;2021.09.09 14:32:19;1.03570;-0.28;-0.94;-44.69;
2021.09.08 11:02:38;Sell;0.10;USDJPY;110.227;110.545;109.910;2021.09.09 10:45:06;109.909;-0.38;-0.85;28.93;[tp]
2021.09.02 17:13:59;Sell;0.10;AUDCAD;0.93225;0.93780;0.92565;2021.09.08 17:42:12;0.93673;-0.28;-0.39;-35.13;
2021.08.31 13:15:19;Buy;0.10;GBPCAD;1.73200;1.73419;1.75035;2021.09.08 17:33:42;1.75046;-0.52;-2.41;144.88;[tp]
2021.09.06 03:31:10;Buy;0.10;EURCAD;1.48966;1.48271;1.50080;2021.09.08 10:23:31;1.50080;-0.45;-0.95;87.90;[tp]
2021.09.07 16:00:19;Buy;0.10;GBPUSD;1.37811;1.36700;1.39328;2021.09.08 04:59:39;1.37843;-0.52;-0.31;3.20;
2021.09.03 06:00:02;Buy Stop;0.08;US30;35 632.53;34 559.83;;2021.09.08 02:56:24;35 054.61;;;;cancelled
2021.09.03 16:11:56;Buy;0.08;US30;35 464.27;34 559.83;;2021.09.03 16:28:27;35 359.49;;;-8.38;
2021.09.01 13:36:00;Buy;0.10;GBPAUD;1.87491;1.86170;;2021.09.03 10:31:20;1.86262;-0.52;-0.88;-91.23;
2021.09.02 17:23:23;Sell Limit;0.10;NZDJPY;79.115;79.115;76.350;2021.09.02 17:45:14;78.293;;;;cancelled
2021.09.02 13:57:52;Sell;0.10;NZDCAD;0.89422;0.89905;0.88256;2021.09.02 16:39:40;0.89556;-0.27;;-10.63;
2021.09.01 13:09:20;Sell;0.10;NZDCAD;0.88859;0.89905;0.88256;2021.09.02 16:39:33;0.89556;-0.27;-0.36;-55.27;
2021.08.30 05:12:52;Buy;0.10;EURAUD;1.61558;1.60160;1.65380;2021.09.02 15:58:01;1.60164;-0.45;-1.75;-103.11;[sl]
2021.09.01 10:42:08;Buy Limit;0.10;EURAUD;1.60150;1.58990;1.63215;2021.09.02 15:55:06;1.60221;;;;cancelled
2021.09.01 13:31:08;Buy Limit;0.10;GBPJPY;150.567;149.180;152.336;2021.09.02 09:40:17;151.598;;;;cancelled
2021.09.01 13:28:39;Buy Limit;0.10;GBPCHF;1.25517;1.24650;1.26615;2021.09.02 09:40:13;1.26107;;;;cancelled
2021.09.02 09:16:30;Buy Limit;0.01;US30;34 300.00;33 739.00;;2021.09.02 09:18:16;35 280.81;;;;cancelled
2021.09.01 11:05:28;Sell Limit;0.10;NZDJPY;78.840;80.015;77.220;2021.09.02 06:20:10;77.644;;;;cancelled
2021.09.01 11:01:34;Sell Limit;0.10;AUDJPY;81.318;82.583;79.311;2021.09.02 06:02:09;80.939;;;;cancelled
2021.08.30 05:19:59;Sell;0.10;AUDCAD;0.92245;0.93101;0.91553;2021.09.01 17:44:21;0.93012;-0.28;-0.04;-60.76;
2021.09.01 16:36:01;Sell;0.10;AUDCAD;0.92694;0.93101;0.91671;2021.09.01 17:44:18;0.93015;-0.28;;-25.42;
2021.08.31 16:29:53;Sell;0.10;GBPJPY;151.204;152.535;149.205;2021.09.01 13:19:50;151.707;-0.52;-0.20;-45.60;
2021.08.31 16:26:30;Sell;0.10;GBPUSD;1.37665;1.38789;1.36435;2021.09.01 13:10:45;1.37557;-0.52;-0.21;10.80;
2021.08.30 07:08:04;Buy;0.10;GBPAUD;1.88527;1.87220;1.91260;2021.09.01 10:29:13;1.87408;-0.52;-0.16;-82.13;
2021.08.23 04:45:20;Sell;0.10;EURCAD;1.49681;1.49581;1.47500;2021.09.01 10:29:10;1.48666;-0.44;1.33;80.58;
2021.08.27 18:01:02;Buy;0.10;EURNZD;1.68301;1.66260;1.71530;2021.09.01 10:23:49;1.67223;-0.45;-0.88;-76.09;
2021.08.25 07:08:29;Sell;0.10;GBPNZD;1.97655;1.95857;;2021.09.01 10:23:45;1.94911;-0.52;-1.06;193.68;
2021.08.27 16:20:43;Sell;1.00;SWISS20;12 436.2;12 553.0;;2021.08.31 17:40:00;12 417.5;;-5.01;20.49;
2021.08.20 13:17:28;Buy;0.03;XAUUSD;1 781.54;1 783.24;1 868.00;2021.08.31 15:42:11;1 811.79;-0.20;-0.74;90.75;
2021.08.26 15:41:34;Buy;0.15;EURUSD;1.17560;1.17000;1.18660;2021.08.31 15:42:04;1.18338;-0.67;-1.59;116.70;
2021.08.25 11:18:03;Buy;0.10;GBPUSD;1.37331;1.35230;1.39380;2021.08.31 13:05:59;1.37678;-0.52;-1.91;34.70;
2021.08.25 08:38:39;Buy Limit;0.10;CADJPY;85.508;82.580;88.375;2021.08.31 10:11:41;87.268;;;;cancelled
2021.08.24 14:48:00;Sell Limit;0.10;GBPNZD;1.98374;2.01130;1.95687;2021.08.31 10:11:03;1.95317;;;;cancelled
2021.08.20 03:48:17;Buy;0.10;NZDCHF;0.62697;0.63405;0.64685;2021.08.31 10:03:21;0.64621;-0.26;0.74;210.18;
2021.08.27 04:27:17;Buy;0.10;EURJPY;129.266;128.320;130.135;2021.08.31 08:22:09;129.870;-0.45;-0.48;54.98;
2021.08.25 11:26:36;Buy;0.10;EURJPY;129.053;127.110;130.135;2021.08.31 08:22:06;129.871;-0.45;-1.43;74.45;
2021.08.19 13:31:46;Buy;0.10;EURJPY;128.283;127.100;130.135;2021.08.31 08:22:04;129.872;-0.44;-2.39;144.63;
2021.08.26 10:05:58;Sell;10.00;JP225;27 695.88;28 180.00;26 745.00;2021.08.31 08:22:00;28 113.55;;-0.86;-38.02;
2021.08.25 17:16:34;Sell;0.10;NZDJPY;76.477;77.870;74.466;2021.08.31 08:21:57;77.379;-0.26;-0.54;-82.10;
2021.08.31 03:18:52;Sell;0.10;NZDJPY;77.443;78.341;74.937;2021.08.31 08:21:55;77.381;-0.27;;5.64;
2021.08.27 05:54:43;Sell;0.10;NZDCAD;0.88035;0.88580;0.87515;2021.08.30 00:30:07;0.88588;-0.26;-0.02;-43.79;[sl]
2021.08.23 04:26:08;Buy;0.10;AUDUSD;0.71571;0.72136;0.73150;2021.08.27 19:33:22;0.73155;-0.27;-1.27;158.40;[tp]
2021.08.23 12:21:34;Sell;0.10;EURAUD;1.63375;1.63176;1.61415;2021.08.27 18:54:11;1.61413;-0.45;0.42;143.35;[tp]
2021.08.27 01:45:47;Sell;0.10;NZDCAD;0.88175;0.88471;0.87270;2021.08.27 18:02:08;0.88477;-0.26;;-23.92;[sl]
2021.08.23 17:56:22;Buy;0.10;NZDUSD;0.68793;0.69288;0.70060;2021.08.27 17:45:05;0.70060;-0.26;-0.93;126.70;[tp]
2021.08.25 12:51:15;Buy Limit;0.12;EURUSD;1.17145;1.16630;1.18505;2021.08.27 10:14:22;1.17685;;;;cancelled
2021.08.25 04:54:51;Buy Limit;0.10;AUDCAD;0.90865;0.89720;0.92900;2021.08.26 05:50:18;0.91585;;;;cancelled
2021.08.24 14:29:18;Buy Limit;0.10;NZDCAD;0.87314;0.86170;0.88430;2021.08.26 05:49:24;0.87831;;;;cancelled
2021.08.19 11:56:08;Buy Stop;0.10;EURUSD;1.17777;1.16680;1.18870;2021.08.24 16:22:25;1.17510;;;;cancelled
2021.08.23 03:47:19;Buy;0.10;GBPUSD;1.36411;1.34290;1.38411;2021.08.24 16:22:21;1.37171;-0.52;-0.32;76.00;
2021.08.23 09:36:09;Buy;0.10;AUDJPY;78.717;77.882;80.550;2021.08.24 16:21:51;79.369;-0.27;-0.05;59.55;
2021.08.23 16:05:18;Buy;0.10;AUDCHF;0.65832;0.65110;0.66990;2021.08.24 16:21:48;0.66065;-0.27;0.08;25.56;
2021.08.18 04:32:11;Buy;0.10;EURUSD;1.17149;1.16025;1.18870;2021.08.24 16:19:23;1.17522;-0.45;-2.33;37.30;
2021.08.23 17:17:34;Buy;0.10;NZDJPY;75.525;74.551;76.755;2021.08.24 16:18:26;76.025;-0.26;-0.04;45.68;
2021.08.19 16:32:01;Buy;0.10;GBPUSD;1.36767;1.35150;1.38411;2021.08.24 16:18:11;1.37165;-0.52;-0.96;39.80;
2021.08.23 12:42:13;Buy;0.10;GBPCHF;1.25257;1.23840;1.28160;2021.08.24 16:17:59;1.24974;-0.52;0.20;-31.06;
2021.08.24 05:39:33;Buy;0.08;GBPCAD;1.73607;1.71479;1.75150;2021.08.24 16:17:57;1.73137;-0.42;;-29.79;
2021.08.18 21:03:07;Buy;0.09;GBPUSD;1.37701;1.35150;1.38411;2021.08.24 16:17:54;1.37168;-0.47;-1.69;-47.97;
2021.08.18 14:02:27;Buy;0.10;EURCHF;1.07248;1.06900;1.07930;2021.08.24 16:17:51;1.07084;-0.45;-0.19;-18.00;
2021.08.19 12:59:54;Buy;0.08;GBPJPY;150.164;148.175;153.125;2021.08.24 16:17:48;150.142;-0.42;-0.12;-1.60;
2021.08.18 05:58:38;Buy;0.08;GBPJPY;150.693;148.175;153.125;2021.08.24 16:17:45;150.141;-0.42;-0.23;-40.35;
2021.08.18 05:52:21;Buy;0.10;GBPCHF;1.25708;1.23840;1.28160;2021.08.24 16:17:42;1.24979;-0.52;1.19;-80.00;
2021.08.23 12:15:46;Sell;0.05;USDSGD;1.35869;1.36550;1.35000;2021.08.24 16:14:43;1.35579;-0.19;-0.05;10.69;
2021.08.18 06:55:40;Buy;0.10;EURJPY;128.495;127.100;130.040;2021.08.24 15:50:21;128.692;-0.45;-1.43;17.99;
2021.08.24 14:44:24;Buy;0.10;EURGBP;0.85555;0.84990;0.86640;2021.08.24 15:45:00;0.85648;-0.45;;12.76;
2021.08.23 03:46:45;Sell;0.10;USDCAD;1.28024;1.27865;1.25950;2021.08.24 14:55:00;1.26214;-0.38;-0.16;143.41;
2021.08.20 12:05:04;Sell Limit;0.10;EURGBP;0.86175;0.86477;0.85030;2021.08.24 05:33:52;0.85563;;;;cancelled
2021.08.19 16:48:26;Buy;0.10;NZDCAD;0.87314;0.86198;0.88430;2021.08.20 16:47:19;0.87884;-0.26;-0.10;44.32;
2021.08.18 16:55:33;Sell;0.10;AUDNZD;1.05153;1.05026;1.04275;2021.08.20 16:47:15;1.04571;-0.28;-0.22;39.78;
2021.08.20 03:50:45;Sell;0.10;USDCAD;1.28162;1.30250;1.26170;2021.08.20 08:21:49;1.28965;-0.38;;-62.26;
2021.08.17 15:59:32;Sell;0.10;EURGBP;0.85257;0.85870;0.84800;2021.08.20 08:16:54;0.85767;-0.45;0.49;-69.47;
2021.08.16 16:28:56;Sell;0.10;GBPCAD;1.74024;1.75463;1.72788;2021.08.20 08:07:14;1.75389;-0.53;-0.35;-106.06;
2021.08.19 09:10:43;Buy;0.10;AUDUSD;0.71799;0.71305;0.73285;2021.08.20 04:44:38;0.71337;-0.27;-0.21;-46.20;
2021.08.16 16:46:19;Sell;0.10;EURGBP;0.85088;0.85497;0.84676;2021.08.19 12:10:55;0.85497;-0.45;0.49;-55.91;[sl]
2021.08.19 03:11:50;Buy;0.10;NZDUSD;0.68684;0.68060;0.69740;2021.08.19 11:52:35;0.68185;-0.26;;-49.90;
2021.08.16 12:19:29;Sell;0.10;GBPCAD;1.73803;1.75463;1.72788;2021.08.19 11:51:13;1.74421;-0.53;-0.29;-48.48;
2021.08.18 05:00:22;Buy;0.10;AUDUSD;0.72397;0.71290;0.73285;2021.08.19 11:51:08;0.71568;-0.28;-0.64;-82.90;
2021.08.18 10:50:35;Buy;0.10;NZDUSD;0.69219;0.68060;0.69740;2021.08.19 11:51:05;0.68202;-0.26;-0.47;-101.70;
2021.08.17 14:52:04;Buy;0.10;AUDUSD;0.72912;0.71290;0.73285;2021.08.19 11:51:02;0.71563;-0.28;-0.85;-134.90;
2021.08.18 04:25:52;Buy;0.10;CADCHF;0.72434;0.71735;0.73760;2021.08.19 11:38:09;0.71738;-0.30;0.43;-76.09;[sl]
2021.08.19 11:24:16;Buy Limit;0.10;NZDUSD;0.68060;0.67550;0.69200;2021.08.19 11:28:26;0.68247;;;;cancelled
2021.08.17 15:23:16;Sell;0.05;EURAUD;1.61411;1.62822;1.59987;2021.08.19 10:31:28;1.62822;-0.22;0.13;-50.60;[sl]
2021.08.19 05:59:27;Buy Stop;0.10;NZDJPY;75.967;75.210;76.910;2021.08.19 10:16:17;75.142;;;;cancelled
2021.08.18 04:23:22;Buy;0.10;AUDCHF;0.66383;0.65800;0.67630;2021.08.19 10:07:11;0.65798;-0.28;0.23;-63.80;[sl]
2021.08.18 21:13:34;Buy;0.08;AUDJPY;79.639;78.930;81.250;2021.08.19 10:00:23;78.931;-0.22;-0.11;-51.53;[sl]
2021.08.17 15:45:07;Buy Stop;0.08;AUDJPY;79.825;78.930;81.250;2021.08.19 09:11:43;79.043;;;;cancelled
2021.08.18 06:07:36;Buy;0.10;USDJPY;109.561;109.666;110.228;2021.08.19 06:12:15;110.226;-0.38;-0.30;60.33;[tp]
2021.08.18 17:27:29;Sell;0.05;XAUUSD;1 781.86;1 796.00;1 761.00;2021.08.18 21:04:52;1 789.95;-0.34;;-40.45;
2021.08.18 02:20:29;Buy;0.06;NZDJPY;75.937;75.250;76.883;2021.08.18 05:00:26;75.251;-0.16;;-37.59;[sl]
2021.08.17 13:05:34;Buy;0.10;NZDUSD;0.69249;0.68718;0.69860;2021.08.18 05:00:26;0.68705;-0.26;-0.15;-54.40;[sl]
2021.08.18 04:37:17;Buy;0.10;NZDCHF;0.63425;0.62920;0.64300;2021.08.18 05:00:13;0.62866;-0.26;;-61.14;[sl]
2021.08.16 11:49:37;Sell;0.09;GBPAUD;1.88836;1.89730;1.87835;2021.08.18 00:25:38;1.89749;-0.47;-0.28;-59.61;[sl]
2021.08.17 10:26:42;Buy;0.10;GBPUSD;1.38000;1.37458;1.38505;2021.08.17 16:08:26;1.37616;-0.52;;-38.40;
2021.08.11 17:38:06;Buy;0.09;AUDCAD;0.92298;0.91820;0.92855;2021.08.17 16:01:52;0.91819;-0.25;-0.70;-34.18;[sl]
2021.08.16 12:28:25;Sell;0.10;EURUSD;1.17840;1.18365;1.17035;2021.08.17 11:26:00;1.17834;-0.45;0.04;0.60;
2021.08.16 16:16:36;Buy Stop;0.10;AUDCAD;0.92855;0.91820;0.92855;2021.08.17 11:05:13;0.92055;;;;cancelled
2021.08.16 06:23:05;Buy Stop;0.09;USDJPY;109.499;108.801;110.198;2021.08.17 11:05:10;109.415;;;;cancelled
2021.08.16 14:29:42;Sell;0.10;GBPUSD;1.38745;1.38623;1.37908;2021.08.17 10:02:22;1.37898;-0.53;-0.22;84.70;[tp]
2021.08.16 12:03:32;Buy;0.10;AUDJPY;80.251;79.680;81.200;2021.08.17 09:48:52;79.677;-0.28;-0.05;-52.54;[sl]
2021.08.16 12:09:00;Buy;0.10;CADCHF;0.72826;0.72400;0.73376;2021.08.17 09:41:21;0.72398;-0.30;0.15;-46.89;[sl]
2021.08.16 16:11:34;Buy;0.10;AUDUSD;0.73335;0.72933;0.73920;2021.08.17 09:40:31;0.72929;-0.28;-0.21;-40.60;[sl]
2021.08.16 16:21:23;Buy;0.10;NZDJPY;76.829;75.880;77.770;2021.08.17 09:22:12;75.872;-0.27;-0.05;-87.53;[sl]
2021.08.11 04:57:16;Buy;0.09;EURGBP;0.84761;0.84773;0.85290;2021.08.17 07:30:51;0.85165;-0.40;-2.28;50.24;
2021.08.10 15:46:10;Buy;0.08;NZDCAD;0.87946;0.87060;0.88601;2021.08.17 07:30:48;0.87519;-0.21;-0.69;-27.13;from #5814276
2021.08.17 00:58:56;Buy;0.10;NZDCHF;0.64231;0.63555;0.64851;2021.08.17 06:28:57;0.63539;-0.27;;-75.77;[sl]
2021.08.12 18:57:21;Buy;0.09;NZDUSD;0.70063;0.69645;0.70600;2021.08.17 06:02:20;0.69637;-0.24;-0.42;-38.34;[sl]
2021.08.12 17:59:34;Buy;0.09;USDCAD;1.25193;1.25298;1.25880;2021.08.17 04:32:35;1.25880;-0.34;-0.51;49.12;[tp]
2021.08.12 21:37:44;Buy;0.09;EURCAD;1.47072;1.47306;1.48040;2021.08.16 16:36:05;1.48044;-0.40;-0.64;69.60;[tp]
2021.08.16 07:51:49;Buy;0.09;GBPJPY;151.649;150.785;152.510;2021.08.16 16:32:04;151.235;-0.47;;-34.12;
2021.08.16 07:20:14;Buy Stop;0.09;NZDJPY;77.019;76.820;77.209;2021.08.16 16:22:02;76.834;;;;cancelled
2021.08.16 06:26:15;Buy Stop;0.09;AUDCHF;0.67327;0.66800;0.67853;2021.08.16 16:13:50;0.66917;;;;cancelled
2021.08.12 21:39:06;Sell;0.09;GBPCHF;1.27440;1.27249;1.26505;2021.08.16 16:07:11;1.26590;-0.47;-0.80;83.78;
2021.08.05 20:17:45;Buy;0.07;GBPNZD;1.97389;1.96200;1.99252;2021.08.16 16:06:48;1.97259;-0.37;-0.74;-6.39;
2021.08.10 15:23:14;Buy;0.09;EURNZD;1.67674;1.66349;1.68469;2021.08.16 16:01:46;1.67644;-0.40;-1.67;-1.90;
2021.08.10 17:50:59;Buy;0.09;EURNZD;1.67158;1.66349;1.68469;2021.08.16 16:01:40;1.67643;-0.40;-1.67;30.67;
2021.08.16 08:31:03;Buy;0.09;GBPUSD;1.38472;1.37743;1.39204;2021.08.16 12:22:24;1.38577;-0.47;;9.45;
2021.08.16 07:13:52;Buy Stop;0.09;AUDJPY;80.707;80.214;81.200;2021.08.16 12:09:45;80.256;;;;cancelled
2021.08.16 06:32:58;Buy Stop;0.09;CADCHF;0.73376;0.72825;0.73927;2021.08.16 12:09:19;0.72826;;;;cancelled
2021.08.16 07:17:06;Buy Stop;0.10;AUDNZD;1.04682;1.04370;1.04987;2021.08.16 12:05:00;1.04356;;;;cancelled
2021.08.12 08:41:53;Sell;0.09;NZDCHF;0.64773;0.64665;0.64272;2021.08.16 10:17:13;0.64314;-0.24;-0.43;45.13;
2021.08.13 14:44:30;Buy;0.09;AUDUSD;0.73475;0.73502;0.73878;2021.08.16 05:58:11;0.73502;-0.25;-0.19;2.43;[sl]
2021.08.11 17:42:21;Sell Limit;0.09;NZDCHF;0.65070;0.65575;0.64272;2021.08.16 05:11:23;0.64370;;;;cancelled
2021.08.13 17:24:48;Buy;0.09;GBPAUD;1.87825;1.87996;1.88550;2021.08.16 05:08:13;1.88551;-0.47;-0.08;48.05;[tp]
2021.08.12 09:39:55;Buy;0.09;EURAUD;1.59549;1.59739;1.60410;2021.08.16 05:01:15;1.60410;-0.40;-0.49;56.98;[tp]
2021.08.11 15:30:13;Sell;0.09;NZDJPY;77.660;78.041;77.010;2021.08.16 03:51:09;77.010;-0.24;-0.49;53.45;[tp]
2021.08.09 20:34:46;Sell;0.10;NZDJPY;77.137;78.041;77.010;2021.08.16 03:51:09;77.010;-0.27;-0.71;11.61;[tp]
2021.08.12 16:21:36;Sell;0.09;AUDCHF;0.67774;0.67677;0.67375;2021.08.16 03:15:31;0.67375;-0.25;-0.41;39.23;[tp]
2021.08.05 09:35:23;Buy;0.11;AUDNZD;1.04966;1.04500;1.05463;2021.08.16 00:05:00;1.04457;-0.31;-0.87;-39.42;[sl]
2021.08.10 15:46:10;Buy;0.01;NZDCAD;0.87946;0.87060;0.88870;2021.08.13 20:51:23;0.88109;-0.03;-0.06;1.30;to #6113003
2021.08.13 14:11:37;Sell;0.09;CADCHF;0.73560;0.73555;0.73050;2021.08.13 20:31:37;0.73173;-0.27;;38.05;
2021.08.12 17:55:32;Sell;0.09;CADJPY;88.166;88.119;87.577;2021.08.13 20:31:33;87.639;-0.27;-0.14;43.26;
2021.08.13 12:30:53;Buy;0.09;EURJPY;129.543;129.370;129.910;2021.08.13 20:29:18;129.370;-0.40;;-14.20;[sl]
2021.08.11 20:02:13;Buy;0.09;EURUSD;1.17503;1.17664;1.18036;2021.08.13 19:32:41;1.18038;-0.40;-1.39;48.15;[tp]
2021.08.13 12:12:20;Buy Limit;0.09;GBPCAD;1.72583;1.72157;1.73362;2021.08.13 19:20:48;1.73418;;;;cancelled
2021.08.12 18:03:46;Sell;0.09;GBPJPY;152.578;153.240;151.662;2021.08.13 19:14:26;152.080;-0.47;-0.17;40.85;
2021.08.12 06:19:58;Sell Limit;0.09;GBPJPY;153.240;153.735;152.455;2021.08.13 19:14:16;152.069;;;;cancelled
2021.08.12 18:18:44;Buy Limit;0.09;EURJPY;129.239;128.930;129.717;2021.08.13 19:12:28;129.424;;;;cancelled
2021.08.13 10:00:49;Buy;0.09;GBPUSD;1.38067;1.38179;1.38600;2021.08.13 18:13:19;1.38599;-0.47;;47.88;[tp]
2021.08.12 04:45:45;Sell;0.09;USDJPY;110.349;110.201;109.777;2021.08.13 18:08:06;109.777;-0.34;-0.25;46.90;[tp]
2021.08.11 13:59:31;Sell;0.09;USDCHF;0.92346;0.92191;0.91620;2021.08.13 17:55:53;0.91618;-0.34;-1.37;71.51;[tp]
2021.08.12 18:26:21;Buy Stop;0.09;GBPUSD;1.38379;1.38005;1.38866;2021.08.13 15:49:05;1.38305;;;;cancelled
2021.08.12 06:27:00;Buy Stop;0.09;AUDUSD;0.73687;0.73290;0.74300;2021.08.13 12:13:41;0.73449;;;;cancelled
2021.08.11 17:21:03;Buy Limit;0.09;GBPNZD;1.95786;1.94918;1.97389;2021.08.13 12:05:13;1.96971;;;;cancelled
2021.08.11 15:31:54;Sell;0.09;AUDJPY;81.340;81.645;80.877;2021.08.13 11:31:13;80.878;-0.25;-0.32;37.71;[tp]
2021.08.09 12:24:37;Sell;0.10;AUDJPY;80.872;81.645;80.877;2021.08.13 11:31:13;80.878;-0.28;-0.52;-0.54;[tp]
2021.08.11 20:01:56;Buy;0.09;EURJPY;129.730;129.365;130.207;2021.08.13 10:06:39;129.364;-0.40;-0.85;-29.88;[sl]
2021.08.11 15:20:28;Buy;0.09;GBPCAD;1.73375;1.72910;1.74118;2021.08.12 20:24:32;1.72907;-0.47;-0.52;-33.65;[sl]
2021.08.12 16:54:36;Buy Limit;0.09;EURUSD;1.17096;1.16550;;2021.08.12 18:31:50;1.17338;;;;cancelled
2021.08.12 18:30:36;Buy Limit;0.09;EURJPY;129.239;128.930;129.717;2021.08.12 18:31:07;129.473;;;;cancelled
2021.08.10 17:02:46;Sell;0.08;EURAUD;1.59541;1.60435;1.58615;2021.08.12 04:59:26;1.59401;-0.36;0.21;8.25;
2021.08.11 13:58:16;Sell;0.15;USDJPY;110.730;111.060;110.395;2021.08.11 16:33:42;110.384;-0.57;;47.02;[tp]
2021.08.09 16:15:59;Sell;0.10;GBPAUD;1.88558;1.88444;1.87835;2021.08.11 16:12:24;1.87836;-0.53;-0.30;53.24;[tp]
2021.08.09 12:35:24;Sell;0.10;NZDCHF;0.64234;0.64800;0.64190;2021.08.11 15:30:01;0.64941;-0.27;-0.42;-76.63;[sl]
2021.08.11 13:41:22;Buy;0.09;GBPUSD;1.38138;1.38000;1.38352;2021.08.11 15:04:45;1.38351;-0.47;;19.17;[tp]
2021.07.30 20:35:04;Sell;0.02;GBPUSD;1.38958;1.38890;1.38020;2021.08.11 12:31:13;1.38134;-0.11;-0.43;16.48;
2021.08.10 16:52:40;Sell;0.09;CADJPY;88.037;88.395;87.477;2021.08.11 09:19:13;88.395;-0.27;-0.12;-29.10;[sl]
2021.08.09 17:15:41;Sell;0.10;CADJPY;87.614;88.395;87.477;2021.08.11 09:19:13;88.395;-0.30;-0.28;-70.53;[sl]
2021.08.06 09:45:19;Sell;0.12;AUDCAD;0.92394;0.92290;0.91968;2021.08.11 02:58:11;0.91968;-0.34;-0.12;40.83;[tp]
2021.08.09 10:32:21;Sell;0.10;GBPCAD;1.74163;1.73987;1.73385;2021.08.10 19:07:17;1.73385;-0.53;-0.07;62.07;[tp]
2021.08.09 10:15:35;Sell;0.10;EURCAD;1.47608;1.47548;1.46791;2021.08.10 17:30:03;1.46790;-0.45;0.13;65.28;[tp]
2021.08.10 06:32:03;Sell;0.10;USDCAD;1.25787;1.25667;1.25311;2021.08.10 17:24:12;1.25311;-0.38;;37.99;[tp]
2021.08.09 11:09:14;Sell;0.10;GBPJPY;152.651;153.250;151.665;2021.08.10 17:21:30;153.258;-0.53;-0.18;-54.91;[sl]
2021.08.04 15:51:23;Buy Limit;0.08;GBPNZD;1.95786;1.94930;1.97380;2021.08.10 16:38:16;1.97983;;;;cancelled
2021.08.09 10:31:13;Sell;0.10;EURJPY;129.537;129.910;129.317;2021.08.10 15:23:53;129.410;-0.45;0.04;11.50;
2021.08.05 12:37:46;Buy;0.09;EURNZD;1.67468;1.67599;1.68468;2021.08.10 14:12:24;1.67594;-0.40;-0.75;7.93;[sl]
2021.08.09 17:09:57;Sell Stop;0.10;GBPCHF;1.27080;1.27455;1.26500;2021.08.10 13:23:35;1.27698;;;;cancelled
2021.08.10 06:36:22;Sell Stop;0.10;USDCHF;0.91935;0.92170;0.91619;2021.08.10 11:13:35;0.92101;;;;cancelled
2021.08.06 15:30:06;Sell;0.10;NZDUSD;0.70368;0.70292;0.69650;2021.08.10 05:50:50;0.69744;-0.27;-0.26;62.40;
2021.08.09 10:05:54;Sell Stop;0.10;EURAUD;1.59542;1.60430;1.58615;2021.08.10 05:28:11;1.60275;;;;cancelled
2021.08.05 09:31:22;Sell;0.06;AUDUSD;0.73950;0.73809;0.73305;2021.08.09 20:33:37;0.73304;-0.17;-0.14;38.76;[tp]
2021.08.05 18:45:34;Sell Stop;0.10;NZDCHF;0.63856;0.64190;0.63465;2021.08.09 16:56:54;0.64451;;;;cancelled
2021.08.09 12:22:50;Sell Stop;0.10;AUDCHF;0.66988;0.67385;0.66605;2021.08.09 14:58:18;0.67427;;;;cancelled
2021.08.05 09:33:41;Sell Limit;0.06;AUDUSD;0.74170;0.74550;0.73215;2021.08.09 10:35:29;0.73562;;;;cancelled
2021.08.06 13:40:36;Buy;0.12;USDCAD;1.25142;1.25248;1.25662;2021.08.06 17:44:36;1.25662;-0.46;;49.66;[tp]
2021.08.05 15:37:07;Buy;0.10;USDCHF;0.90643;0.90757;0.91280;2021.08.06 17:15:33;0.91280;-0.38;0.08;69.79;[tp]
2021.08.05 09:35:23;Buy;0.04;AUDNZD;1.04966;1.04500;1.05500;2021.08.06 11:43:52;1.04824;-0.11;-0.03;-4.01;to #5574814
2021.08.04 17:16:20;Sell;0.10;EURUSD;1.18535;1.19022;1.17922;2021.08.06 11:42:35;1.18101;-0.45;0.15;43.40;
2021.08.06 04:40:03;Buy;0.10;EURAUD;1.60144;1.59620;1.60967;2021.08.06 11:42:31;1.59753;-0.45;;-28.91;
2021.08.04 17:10:31;Buy;0.10;EURJPY;129.624;129.692;130.080;2021.08.06 10:26:00;129.764;-0.45;-0.99;12.75;
2021.08.05 11:43:56;Sell Limit;0.15;AUDCAD;0.92753;0.93110;0.92400;2021.08.06 09:43:04;0.92398;;;;cancelled
2021.08.05 18:26:42;Sell Stop;0.08;GBPAUD;1.87642;1.88420;1.86680;2021.08.06 06:23:41;1.88508;;;;cancelled
2021.08.06 04:48:12;Balance;;;;;;;;;;2 402.47;
2021.08.03 08:56:01;Sell;0.08;CHFJPY;120.590;121.210;119.910;2021.08.06 03:32:16;121.109;-0.34;0.40;-37.79;
2021.08.04 15:15:13;Buy;0.10;USDJPY;108.913;109.006;109.870;2021.08.06 03:32:07;109.870;-0.38;-0.40;87.10;[tp]
2021.08.04 09:13:13;Buy;0.10;USDJPY;109.121;109.214;109.870;2021.08.06 03:32:07;109.870;-0.38;-0.40;68.17;[tp]
2021.08.05 11:51:36;Sell Limit;0.15;NZDCAD;0.88615;0.88890;0.88185;2021.08.05 18:40:50;0.88169;;;;cancelled
2021.08.05 15:42:39;Buy;0.09;USDCAD;1.25078;1.24520;1.26091;2021.08.05 17:08:38;1.24892;-0.34;;-13.40;
2021.08.02 17:53:41;Buy;0.11;AUDCHF;0.66655;0.66320;0.67325;2021.08.05 14:31:33;0.67092;-0.31;0.43;53.09;
2021.08.04 10:05:13;Buy;0.05;AUDJPY;80.833;80.130;81.300;2021.08.05 14:31:30;81.078;-0.14;-0.08;11.19;
2021.08.04 08:11:31;Buy;0.05;AUDCHF;0.66873;0.66320;0.67325;2021.08.05 14:31:28;0.67092;-0.14;0.12;12.10;
2021.08.03 18:35:35;Buy;0.10;AUDJPY;80.528;80.130;81.300;2021.08.05 14:31:25;81.079;-0.28;-0.22;50.35;
2021.07.30 10:40:23;Sell;0.05;GBPUSD;1.39650;1.40268;1.37813;2021.08.05 14:06:13;1.39416;-0.27;-0.69;11.70;
2021.08.04 07:13:05;Buy;0.11;USDCAD;1.25220;1.24520;1.26091;2021.08.05 14:06:09;1.25133;-0.42;-0.64;-7.65;
2021.08.05 13:07:39;Sell Limit;0.10;GBPCAD;1.74545;1.75071;1.73600;2021.08.05 14:05:50;1.74482;;;;cancelled
2021.08.04 16:00:43;Buy;0.10;GBPCHF;1.25772;1.25871;1.26262;2021.08.05 13:42:01;1.26263;-0.53;0.60;54.16;[tp]
2021.08.05 11:32:37;Buy Stop;0.10;EURAUD;1.60145;1.59620;1.60968;2021.08.05 12:59:51;1.59739;;;;cancelled
2021.08.04 15:40:00;Buy;0.10;EURNZD;1.68081;1.67460;1.68900;2021.08.05 12:20:11;1.67458;-0.45;-0.82;-44.04;[sl]
2021.08.03 00:03:14;Sell;0.07;GBPAUD;1.88160;1.89485;1.87150;2021.08.05 08:53:54;1.87955;-0.37;-0.44;10.61;
2021.08.04 15:37:01;Buy Limit;0.11;EURJPY;129.045;128.716;129.260;2021.08.04 17:08:23;129.543;;;;cancelled
2021.08.02 16:52:25;Buy;0.09;AUDUSD;0.73699;0.73230;0.74328;2021.08.04 17:03:38;0.74030;-0.25;-0.38;29.79;
2021.08.04 07:38:03;Buy;0.10;EURCAD;1.48722;1.48820;1.49251;2021.08.04 16:44:07;1.49251;-0.45;;42.16;[tp]
2021.08.03 08:47:25;Buy Limit;0.02;XAUUSD;1 798.00;1 789.00;1 819.00;2021.08.04 16:31:45;1 830.43;;;;cancelled
2021.08.04 07:00:30;Buy;0.05;USDCHF;0.90358;0.90218;0.90740;2021.08.04 16:07:33;0.90221;-0.19;;-7.59;[sl]
2021.08.03 16:48:03;Buy;0.10;USDCHF;0.90440;0.90218;0.90740;2021.08.04 16:07:33;0.90221;-0.38;0.08;-24.27;[sl]
2021.08.04 15:31:55;Sell Stop;0.10;EURUSD;1.18538;1.18938;1.17922;2021.08.04 15:45:04;1.18854;;;;cancelled
2021.08.04 10:04:55;Buy Stop;0.10;EURJPY;129.625;129.160;130.090;2021.08.04 15:33:22;129.214;;;;cancelled
2021.08.04 14:54:16;Buy;0.11;EURGBP;0.85190;0.85063;0.85250;2021.08.04 15:24:15;0.85214;-0.50;;3.67;
2021.08.04 11:56:12;Buy;0.08;GBPJPY;152.200;151.530;152.830;2021.08.04 15:18:05;151.532;-0.42;;-49.12;[sl]
2021.08.04 07:55:04;Buy;0.11;GBPCHF;1.25859;1.25907;1.26250;2021.08.04 15:15:15;1.25897;-0.58;;4.63;[sl]
2021.07.30 10:32:51;Sell;0.05;EURUSD;1.18949;1.18860;1.18472;2021.08.04 11:34:25;1.18463;-0.23;0.06;24.30;[tp]
2021.08.02 16:47:52;Sell;0.09;EURAUD;1.61135;1.61840;1.60229;2021.08.04 10:20:56;1.60229;-0.41;0.10;60.44;[tp]
2021.07.29 12:33:36;Buy;0.09;EURGBP;0.85114;0.85160;0.85535;2021.08.04 09:48:51;0.85157;-0.41;-1.11;5.39;[sl]
2021.08.03 15:20:49;Buy;0.03;USDCAD;1.25221;1.25245;1.25750;2021.08.04 06:00:51;1.25245;-0.11;-0.06;0.57;[sl]
2021.08.03 14:21:53;Sell Stop;0.10;GBPCAD;1.73906;1.74355;1.73209;2021.08.04 04:37:45;1.74497;;;;cancelled
2021.08.02 13:48:57;Sell;0.08;GBPCHF;1.25811;1.26265;1.25310;2021.08.04 04:34:08;1.25763;-0.42;-0.72;4.25;
2021.08.03 10:54:39;Buy Stop;0.09;USDJPY;109.651;109.070;110.230;2021.08.04 04:09:05;108.990;;;;cancelled
2021.08.03 15:38:52;Buy;0.11;NZDCHF;0.63250;0.62905;0.63600;2021.08.04 01:45:04;0.63598;-0.29;0.07;42.34;[tp]
2021.08.03 02:24:02;Buy;0.12;AUDNZD;1.05519;1.05111;1.06040;2021.08.04 01:45:04;1.05134;-0.34;-0.09;-32.49;[sl]
2021.08.03 00:02:50;Sell;0.08;GBPNZD;1.98765;1.99730;1.97815;2021.08.04 01:45:02;1.97815;-0.42;-0.15;53.46;[tp]
2021.08.02 16:59:14;Sell;0.10;EURNZD;1.70027;1.69921;1.68893;2021.08.04 01:45:00;1.68783;-0.45;0.07;87.49;[tp]
2021.07.30 00:03:38;Buy;0.02;EURGBP;0.85225;0.84980;0.85640;2021.08.03 18:10:26;0.85373;-0.09;-0.12;4.11;
2021.08.03 10:51:57;Buy Stop;0.14;USDCHF;0.90659;0.90360;0.90950;2021.08.03 16:55:35;0.90417;;;;cancelled
2021.08.03 14:45:31;Buy Limit;0.09;USDCAD;1.24908;1.24500;1.25865;2021.08.03 16:55:20;1.25747;;;;cancelled
2021.08.02 13:57:06;Sell;0.08;GBPJPY;152.270;152.869;151.260;2021.08.03 16:39:57;151.413;-0.42;-0.15;62.94;
2021.08.03 10:32:20;Buy;0.10;AUDJPY;80.760;80.330;81.310;2021.08.03 16:38:28;80.330;-0.28;;-39.46;[sl]
2021.08.02 17:05:35;Sell;0.09;EURJPY;129.952;129.854;129.482;2021.08.03 16:11:42;129.480;-0.41;0.03;38.98;[tp]
2021.08.02 11:57:54;Buy;0.10;EURCAD;1.48242;1.48398;1.48900;2021.08.03 15:24:33;1.48898;-0.45;-0.35;52.36;[tp]
2021.08.03 13:10:32;Sell;0.06;XAUUSD;1 810.45;;;2021.08.03 13:14:32;1 811.13;-0.41;;-4.08;
2021.08.02 17:07:11;Buy;0.10;AUDCAD;0.91966;0.92028;0.92580;2021.08.03 07:36:13;0.92581;-0.28;-0.12;49.16;[tp]
2021.08.02 17:36:32;Buy;0.11;NZDCAD;0.87191;0.86740;0.87675;2021.08.03 07:30:43;0.87663;-0.29;-0.14;41.50;[tp]
2021.08.02 19:47:03;Buy;0.02;EURGBP;0.85424;0.84990;0.85640;2021.08.03 07:27:37;0.85466;-0.09;-0.06;1.16;
2021.08.02 16:16:11;Sell;0.10;CADJPY;87.768;87.629;87.217;2021.08.03 07:18:32;87.216;-0.30;-0.15;50.57;[tp]
2021.08.02 12:08:46;Sell Stop;0.07;NZDUSD;0.69522;0.70220;0.68843;2021.08.03 05:11:52;0.69929;;;;cancelled
2021.08.03 00:52:46;Sell Stop;0.04;GBPJPY;151.710;153.442;150.920;2021.08.03 04:47:27;151.813;;;;cancelled
2021.08.02 15:45:45;Buy;0.11;AUDJPY;80.756;80.340;81.310;2021.08.02 19:08:38;80.340;-0.31;;-41.91;[sl]
2021.07.30 19:54:14;Buy;0.10;USDCHF;0.90619;0.90380;0.90990;2021.08.02 18:16:19;0.90380;-0.38;0.08;-26.44;[sl]
2021.08.02 04:39:59;Buy;0.11;USDJPY;109.727;109.360;110.343;2021.08.02 17:05:30;109.359;-0.42;;-37.02;[sl]
2021.08.02 05:07:20;Sell;0.07;AUDUSD;0.73301;0.74134;0.72511;2021.08.02 16:49:14;0.73743;-0.19;;-30.94;from #5116176
2021.08.02 11:55:57;Sell Stop;0.09;AUDCHF;0.66410;0.66900;0.65950;2021.08.02 16:10:44;0.66744;;;;cancelled
2021.08.02 05:15:44;Buy Stop;0.08;GBPNZD;1.99760;1.98710;2.00668;2021.08.02 16:00:31;1.99193;;;;cancelled
2021.08.02 05:40:42;Buy Stop;0.08;EURNZD;1.70628;1.69505;1.71728;2021.08.02 15:54:20;1.70258;;;;cancelled
2021.08.02 05:34:10;Sell;0.10;AUDJPY;80.453;80.730;79.673;2021.08.02 15:45:29;80.730;-0.28;;-25.30;[sl]
2021.08.02 05:07:20;Sell;0.02;AUDUSD;0.73301;0.74134;0.72511;2021.08.02 12:53:59;0.73606;-0.06;;-6.10;to #5161385
2021.08.02 09:17:05;Sell Stop;0.11;EURAUD;1.61425;1.61850;1.60890;2021.08.02 12:00:09;1.61584;;;;cancelled
2021.08.02 04:53:59;Buy Stop;0.11;AUDCHF;0.66700;0.66320;0.67323;2021.08.02 11:47:35;0.66621;;;;cancelled
2021.08.02 10:08:19;Buy;0.10;GBPCHF;1.26109;1.25650;1.26898;2021.08.02 11:43:46;1.25975;-0.53;;-14.80;
2021.07.30 20:24:07;Buy Stop;0.03;USDCHF;0.90757;0.90380;0.91290;2021.08.02 04:41:15;0.90631;;;;cancelled
2021.07.30 20:14:15;Sell Stop;0.02;EURUSD;1.18500;1.19090;;2021.08.02 04:35:54;1.18635;;;;cancelled
2021.07.30 07:29:09;Sell;0.05;XAUUSD;1 827.47;1 835.50;1 807.40;2021.07.30 19:56:36;1 815.95;-0.35;;57.60;
2021.07.28 12:20:54;Sell;0.03;USDJPY;109.946;109.813;109.075;2021.07.30 07:24:21;109.519;-0.11;-0.33;11.70;
2021.07.28 15:26:04;Sell;0.06;USDJPY;110.158;109.913;109.075;2021.07.30 07:24:18;109.520;-0.23;-0.67;34.95;
2021.07.28 12:36:18;Sell;0.10;CADJPY;87.420;88.040;85.780;2021.07.29 07:23:54;87.921;-0.30;-0.44;-45.63;
2021.07.28 12:47:08;Sell;0.09;CADCHF;0.72732;0.73340;0.71930;2021.07.29 01:54:24;0.72672;-0.27;-0.80;5.93;
2021.07.28 11:31:48;Sell;0.09;USDCHF;0.91503;0.91400;0.90900;2021.07.29 01:51:38;0.90996;-0.34;-1.05;50.15;
2021.07.26 09:40:40;Buy;0.08;EURUSD;1.17797;1.17895;1.18750;2021.07.29 01:51:35;1.18441;-0.36;-1.58;51.52;
2021.07.28 17:31:53;Buy;0.02;EURUSD;1.17905;1.17895;1.18750;2021.07.29 01:51:32;1.18441;-0.09;-0.23;10.72;
2021.07.28 15:38:05;Sell Limit;0.05;USDCHF;0.91866;0.92330;0.90900;2021.07.29 01:39:24;0.91005;;;;cancelled
2021.07.27 11:28:41;Buy;0.11;NZDUSD;0.69462;0.68800;0.70400;2021.07.28 12:30:35;0.69382;-0.29;-0.14;-8.80;
2021.07.27 19:15:43;Buy;0.06;NZDCAD;0.87544;0.86770;0.88300;2021.07.28 12:07:15;0.87264;-0.16;-0.07;-13.37;
2021.07.28 08:03:01;Sell;0.17;EURJPY;129.715;130.347;128.965;2021.07.28 12:02:24;130.060;-0.76;;-53.34;
2021.07.28 09:23:03;Buy Limit;0.09;USDCAD;1.25250;1.24700;1.26750;2021.07.28 11:34:28;1.25795;;;;cancelled
2021.07.28 11:29:57;Sell;0.01;USDCHF;0.91496;0.91865;;2021.07.28 11:31:26;0.91505;-0.04;;-0.10;
2021.07.28 05:57:41;Buy;0.08;USDCAD;1.25820;1.25250;1.26750;2021.07.28 11:30:50;1.25784;-0.30;;-2.29;
2021.07.26 10:01:15;Sell;0.09;NZDCAD;0.87549;0.87940;0.87000;2021.07.27 19:15:23;0.87537;-0.24;-0.10;0.86;
2021.07.26 14:13:53;Buy;0.07;GBPUSD;1.37842;1.38318;1.39100;2021.07.27 18:52:25;1.38851;-0.37;-0.21;70.63;
2021.07.26 07:36:00;Sell;0.10;USDJPY;110.358;110.300;109.600;2021.07.27 18:31:25;109.657;-0.38;-0.28;63.93;
2021.07.27 06:52:06;Buy;0.02;NZDUSD;0.69938;0.69470;0.70400;2021.07.27 11:20:53;0.69469;-0.05;;-9.38;[sl]
2021.07.27 09:13:08;Buy;0.10;NZDUSD;0.69823;0.69470;0.70400;2021.07.27 11:20:53;0.69469;-0.27;;-35.40;[sl]
2021.07.26 07:41:56;Sell;0.10;GBPJPY;151.768;152.165;150.150;2021.07.26 12:26:47;152.181;-0.52;;-37.43;[sl]
2021.07.23 14:25:45;Buy;0.05;GBPUSD;1.37238;1.37338;1.38229;2021.07.23 16:59:11;1.37504;-0.26;;13.30;
2021.07.23 15:15:16;Sell;0.05;GBPCAD;1.72852;1.74610;1.70960;2021.07.23 16:03:10;1.73010;-0.26;;-6.29;
2021.07.22 17:23:11;Sell;0.06;USDCAD;1.25832;1.28070;1.23140;2021.07.23 16:03:08;1.25649;-0.23;-0.10;8.74;
2021.07.21 16:05:48;Sell;0.06;NZDCAD;0.87664;0.89120;0.86674;2021.07.23 15:30:45;0.87851;-0.16;-0.27;-8.93;
2021.07.21 16:05:48;Sell;0.06;NZDCAD;0.87664;0.89120;0.86674;2021.07.23 15:27:46;0.87860;-0.16;-0.27;-9.36;
2021.07.23 10:02:41;Sell;0.14;GBPUSD;1.37459;1.37798;1.37061;2021.07.23 14:29:51;1.37235;-0.73;;31.36;
2021.07.22 08:19:00;Buy;0.02;GBPUSD;1.37163;1.35718;1.38229;2021.07.23 11:24:36;1.37307;-0.10;-0.06;2.88;
2021.07.23 08:00:00;Buy Stop;0.14;GBPUSD;1.37818;1.37483;1.38220;2021.07.23 10:02:41;1.37463;;;;cancelled
2021.07.21 19:34:39;Buy Limit;0.07;CADCHF;0.72691;0.71732;0.73681;2021.07.22 19:34:00;0.73176;;;;expiration
2021.07.22 09:06:36;Buy;0.05;GBPUSD;1.37239;1.37539;1.38229;2021.07.22 17:12:22;1.37539;-0.26;;15.00;[sl]
2021.07.21 12:10:28;Buy Limit;0.08;EURJPY;129.496;128.592;130.487;2021.07.22 10:32:43;130.053;;;;cancelled
2021.07.21 16:40:43;Sell Limit;0.05;EURCAD;1.49320;1.50997;1.48330;2021.07.22 07:45:34;1.48407;;;;cancelled
2021.07.21 17:58:51;Buy Limit;0.06;CADJPY;86.678;85.425;87.668;2021.07.22 07:45:13;87.565;;;;cancelled
2021.07.21 13:14:24;Buy;0.07;CADCHF;0.72691;0.73091;0.73681;2021.07.21 19:34:38;0.73091;-0.21;;30.48;[sl]
2021.07.21 12:01:10;Buy;0.07;CADCHF;0.72691;0.73091;0.73681;2021.07.21 19:34:38;0.73091;-0.21;;30.48;[sl]
2021.07.20 08:18:48;Sell;0.10;EURUSD;1.17839;1.18250;1.17330;2021.07.21 18:22:47;1.17973;-0.45;-0.02;-13.40;
2021.07.21 14:51:13;Buy;0.06;CADJPY;86.682;87.382;87.668;2021.07.21 17:58:50;87.671;-0.18;;53.78;[tp]
2021.07.21 12:27:40;Sell;0.05;EURCAD;1.49321;1.48921;1.48330;2021.07.21 16:40:43;1.48922;-0.22;;15.78;[sl]
2021.07.20 18:07:00;Sell;0.02;XAUUSD;1 806.51;1 801.51;1 796.73;2021.07.21 15:26:31;1 801.56;-0.14;-0.06;9.90;[sl]
2021.07.20 21:00:00;Buy Stop;0.06;EURCAD;1.49880;1.48414;1.50620;2021.07.21 12:31:57;1.49302;;;;cancelled
2021.07.21 11:56:09;Sell Stop;0.03;NZDCAD;0.87664;0.90823;0.86774;2021.07.21 11:57:32;0.87797;;;;cancelled
2021.07.20 10:03:44;Buy;0.15;NZDCAD;0.88216;0.87604;0.88954;2021.07.21 11:55:30;0.87762;-0.39;-0.20;-53.73;
2021.07.20 05:34:57;Buy;0.07;USDJPY;109.543;109.060;110.100;2021.07.21 10:45:15;110.106;-0.27;-0.09;35.79;[tp]
2021.07.20 09:56:14;Sell;0.07;GBPJPY;149.307;148.807;148.429;2021.07.20 16:42:47;148.816;-0.36;;31.38;[sl]
2021.07.20 00:10:12;Buy;0.11;AUDJPY;80.484;80.000;81.140;2021.07.20 16:14:03;79.997;-0.31;;-48.95;[sl]
2021.07.20 00:00:30;Buy Stop;0.07;GBPJPY;150.059;149.327;150.937;2021.07.20 09:56:15;149.317;;;;cancelled
2021.07.20 05:42:40;Buy Stop;0.10;EURUSD;1.18244;1.17833;1.18750;2021.07.20 07:36:53;1.17904;;;;cancelled
2021.07.20 00:00:30;Sell Stop;0.11;AUDJPY;79.991;80.463;79.425;2021.07.20 00:10:13;80.419;;;;cancelled
2021.07.19 10:11:16;Sell;0.10;AUDJPY;80.980;80.680;80.369;2021.07.19 15:11:43;80.380;-0.28;;54.74;
2021.07.19 07:45:28;Buy;0.24;NZDCHF;0.64272;0.63929;0.65014;2021.07.19 14:40:22;0.63914;-0.64;;-93.33;[sl]
2021.07.19 07:00:10;Sell;0.21;EURNZD;1.68817;1.69441;1.68074;2021.07.19 13:46:42;1.69444;-0.94;;-91.52;[sl]
2021.07.16 17:11:03;Sell;0.06;GBPUSD;1.37891;1.37391;1.37023;2021.07.19 11:44:31;1.37025;-0.31;-0.15;51.96;[tp]
2021.07.19 11:36:36;Buy Stop;0.08;GBPJPY;151.656;151.043;152.392;2021.07.19 11:41:45;150.484;;;;cancelled
2021.07.19 11:36:36;Sell Limit;0.08;GBPJPY;151.023;151.636;150.287;2021.07.19 11:41:42;150.476;;;;cancelled
2021.07.16 14:40:23;Sell;0.17;EURJPY;130.013;129.513;129.275;2021.07.19 11:36:41;129.268;-0.76;-0.17;115.38;[tp]
2021.07.15 20:43:28;Sell;0.05;GBPJPY;151.783;151.283;150.561;2021.07.19 11:36:35;150.561;-0.26;-0.36;55.66;[tp]
2021.07.19 08:00:00;Buy Stop;0.10;AUDJPY;81.509;81.000;82.120;2021.07.19 10:11:16;80.991;;;;cancelled
2021.07.16 16:39:05;Buy;0.04;XAUUSD;1 825.35;1 798.70;1 835.18;2021.07.19 04:37:52;1 814.08;-0.28;-0.20;-45.08;
2021.07.16 05:07:27;Buy;0.13;CADJPY;87.455;87.055;87.933;2021.07.19 02:42:29;87.055;-0.39;-0.12;-47.33;[sl]
2021.07.16 18:02:17;Sell Limit;0.09;GBPUSD;1.37990;1.38987;1.37240;2021.07.17 18:02:00;1.37619;;;;expiration
2021.07.16 05:42:28;Buy;0.18;AUDJPY;81.718;81.426;82.068;2021.07.16 22:06:47;81.425;-0.51;;-47.92;[sl]
2021.07.16 11:56:55;Sell;0.01;GBPUSD;1.38592;1.37943;1.37290;2021.07.16 18:02:16;1.37946;-0.05;;6.46;[sl]
2021.07.16 11:15:26;Sell;0.03;GBPUSD;1.38339;1.37943;1.37290;2021.07.16 18:02:16;1.37946;-0.16;;11.79;[sl]
2021.07.16 10:19:00;Sell;0.09;GBPUSD;1.38043;1.37943;1.37290;2021.07.16 18:02:16;1.37946;-0.47;;8.73;[sl]
2021.07.16 16:00:00;Buy Stop;0.06;GBPUSD;1.38638;1.37913;1.39508;2021.07.16 17:11:04;1.37893;;;;cancelled
2021.07.14 13:40:22;Buy;0.07;GBPUSD;1.38648;1.38000;1.39405;2021.07.16 10:31:10;1.37978;-0.37;-0.87;-46.90;[sl]
2021.07.16 04:00:00;Sell Stop;0.18;AUDJPY;81.406;81.698;81.056;2021.07.16 05:42:30;81.717;;;;cancelled
2021.07.16 04:00:00;Sell Stop;0.13;CADJPY;87.035;87.434;86.556;2021.07.16 05:07:28;87.444;;;;cancelled
2021.07.15 20:00:00;Buy Stop;0.05;GBPJPY;152.821;151.803;154.043;2021.07.15 20:43:29;151.792;;;;cancelled
2021.07.14 15:33:15;Buy;0.09;AUDUSD;0.74789;0.74262;0.75310;2021.07.15 19:09:21;0.74262;-0.26;-0.57;-47.43;[sl]
2021.07.12 20:11:44;Sell;0.10;AUDCHF;0.68519;0.68319;0.67769;2021.07.15 17:13:03;0.68316;-0.28;-1.48;22.12;[sl]
2021.07.15 03:33:38;Sell;0.13;AUDJPY;82.102;82.505;81.699;2021.07.15 17:11:01;81.862;-0.37;;28.39;
2021.07.14 18:57:33;Buy;0.12;USDCAD;1.25231;1.25431;1.25960;2021.07.15 17:10:12;1.25430;-0.46;-0.81;19.04;[sl]
2021.07.14 20:00:01;Buy Stop;0.13;AUDJPY;82.525;82.122;82.928;2021.07.15 03:33:39;82.111;;;;cancelled
2021.07.14 10:06:18;Buy;0.09;GBPJPY;153.003;152.415;153.587;2021.07.14 18:56:28;152.413;-0.47;;-48.25;[sl]
2021.07.14 00:00:30;Sell Stop;0.09;AUDUSD;0.74242;0.74766;0.73718;2021.07.14 15:33:16;0.74785;;;;cancelled
2021.07.13 20:00:01;Sell Stop;0.07;GBPUSD;1.37980;1.38627;1.37333;2021.07.14 13:40:23;1.38644;;;;cancelled
2021.07.13 17:06:05;Buy;0.22;NZDCAD;0.87196;0.87596;0.87935;2021.07.14 12:08:48;0.87597;-0.58;-0.33;70.45;[sl]
2021.07.13 20:00:01;Sell Stop;0.09;GBPJPY;152.395;152.981;151.809;2021.07.14 10:06:19;152.993;;;;cancelled
2021.07.13 17:28:36;Sell;0.22;USDCHF;0.91600;0.92005;0.90864;2021.07.14 00:32:59;0.92008;-0.84;-1.03;-97.56;[sl]
2021.07.12 16:21:48;Buy;0.13;EURUSD;1.18582;1.17818;1.19327;2021.07.13 22:21:32;1.17818;-0.59;-0.66;-99.32;[sl]
2021.07.12 22:10:35;Buy;0.06;XAUUSD;1 807.56;1 810.56;1 817.49;2021.07.13 15:50:24;1 810.54;-0.41;-0.32;17.88;[sl]
2021.07.09 12:16:29;Buy;0.05;GBPJPY;151.791;152.291;152.913;2021.07.09 17:16:58;152.759;-0.26;;43.90;
2021.07.09 10:08:15;Buy;0.11;AUDJPY;81.789;81.318;82.260;2021.07.09 15:23:46;82.261;-0.31;;47.19;[tp]
2021.07.08 20:00:02;Sell Stop;0.05;GBPJPY;150.625;151.749;149.501;2021.07.09 12:16:35;151.785;;;;cancelled
2021.07.09 00:00:31;Sell Stop;0.11;AUDJPY;81.278;81.749;80.807;2021.07.09 10:08:22;81.774;;;;cancelled
2021.07.08 18:20:08;Sell;0.35;EURUSD;1.18510;1.19110;1.17800;2021.07.09 04:23:52;1.18434;-1.58;0.05;26.60;
2021.07.07 17:27:53;Sell;0.05;GBPUSD;1.37700;1.38635;1.36763;2021.07.08 18:01:12;1.37604;-0.26;-0.33;4.80;
2021.07.08 15:36:57;Sell Stop;0.35;EURUSD;1.18320;1.19110;1.17600;2021.07.08 15:43:28;1.18493;;;;cancelled
2021.07.08 15:36:26;Sell Stop;0.05;EURUSD;1.18320;1.19110;1.17600;2021.07.08 15:36:37;1.18375;;;;cancelled
2021.07.08 15:00:58;Sell Stop;0.35;EURUSD;1.18320;1.19110;1.17600;2021.07.08 15:28:18;1.18430;;;;cancelled
2021.07.08 13:07:03;Sell;0.02;EURUSD;1.18315;1.19100;;2021.07.08 13:07:10;1.18310;-0.09;;0.10;
2021.07.07 17:34:57;Sell;0.04;GBPJPY;152.323;151.823;151.162;2021.07.08 11:05:31;151.240;-0.21;-0.38;39.47;
2021.07.07 17:34:55;Sell;0.05;CADJPY;88.452;87.952;87.426;2021.07.08 10:53:30;87.425;-0.15;-0.34;46.75;[tp]
2021.07.07 00:00:30;Buy Stop;0.04;GBPJPY;153.516;152.354;154.678;2021.07.07 17:34:58;152.332;;;;cancelled
2021.07.07 00:00:30;Buy Stop;0.05;CADJPY;89.512;88.484;90.540;2021.07.07 17:34:56;88.455;;;;cancelled
2021.07.07 00:00:30;Buy Stop;0.05;GBPUSD;1.38665;1.37729;1.39601;2021.07.07 17:27:53;1.37708;;;;cancelled
2021.07.06 16:05:46;Sell;0.11;AUDUSD;0.75577;0.75989;0.75169;2021.07.06 16:17:50;0.75567;-0.32;;1.10;
2021.07.06 16:00:00;Buy Stop;0.11;AUDUSD;0.76009;0.75599;0.76419;2021.07.06 16:05:47;0.75584;;;;cancelled
2021.07.06 11:00:50;Sell;0.36;EURUSD;1.18690;1.18590;1.17946;2021.07.06 13:34:32;1.18415;-1.62;;99.00;
2021.07.05 12:14:22;Buy;0.04;EURUSD;1.18745;1.18370;1.19112;2021.07.06 10:59:46;1.18718;-0.18;-0.21;-1.08;
2021.07.05 10:53:52;Sell;0.04;USDJPY;110.938;111.201;110.647;2021.07.06 10:59:43;110.778;-0.15;-0.13;5.78;
2021.07.06 07:33:07;Buy;0.02;EURUSD;1.18746;1.18370;1.19112;2021.07.06 10:59:40;1.18718;-0.09;;-0.56;
2021.07.05 10:49:14;Buy;0.04;GBPUSD;1.38448;1.38498;1.38952;2021.07.06 09:01:26;1.38907;-0.21;-0.14;18.36;
2021.07.05 11:10:21;Buy;0.04;AUDUSD;0.75331;0.74970;0.75680;2021.07.06 06:43:28;0.75680;-0.11;-0.09;13.96;[tp]
2021.07.06 00:04:05;Sell;0.20;GBPUSD;1.38352;1.38587;1.38123;2021.07.06 01:26:09;1.38590;-1.05;;-47.60;[sl]
2021.07.06 00:00:30;Buy Stop;0.20;GBPUSD;1.38607;1.38375;1.38839;2021.07.06 00:04:06;1.38502;;;;cancelled
2021.07.05 14:00:00;Sell Stop;0.48;AUDNZD;1.07199;1.07605;1.06449;2021.07.05 15:59:22;1.07221;;;;cancelled
2021.06.30 15:29:17;Sell;0.01;NZDUSD;0.69768;;0.69176;2021.07.05 04:06:44;0.70258;-0.03;-0.10;-4.90;
2021.06.30 15:08:51;Sell;0.01;AUDUSD;0.74964;;0.74350;2021.07.05 04:06:40;0.75161;-0.03;-0.09;-1.97;
2021.07.02 18:00:02;Buy Stop;0.16;USDJPY;111.389;110.418;112.139;2021.07.03 18:00:00;111.032;;;;expiration
2021.07.02 16:13:48;Sell Limit;0.05;XAUUSD;1 809.00;1 820.00;1 790.50;2021.07.02 21:07:01;1 789.35;;;;cancelled
2021.07.02 06:58:32;Sell;0.10;EURUSD;1.18432;1.18850;1.17900;2021.07.02 21:06:45;1.18703;-0.45;;-27.10;
2021.07.02 16:26:36;Sell;0.04;XAUUSD;1 789.99;1 800.00;1 773.00;2021.07.02 21:02:59;1 788.70;-0.27;;5.16;
2021.07.02 16:13:15;Sell Limit;0.01;XAUUSD;1 809.00;1 820.00;;2021.07.02 16:13:27;1 793.49;;;;cancelled
2021.07.02 09:22:17;Sell;0.04;XAUUSD;1 778.35;1 795.00;1 758.00;2021.07.02 16:08:03;1 795.05;-0.27;;-66.80;[sl]
2021.07.02 14:04:37;Sell;0.02;USDCHF;0.92481;;0.91952;2021.07.02 15:43:22;0.92416;-0.08;;1.41;
2021.07.02 14:04:38;Buy Stop;0.02;USDCHF;0.92491;;0.93277;2021.07.02 14:04:38;0.92484;;;;cancelled
2021.07.02 14:00:01;Buy Stop;0.02;USDCHF;0.92747;;0.93277;2021.07.02 14:04:38;0.92484;;;;cancelled
2021.07.02 06:37:48;Balance;;;;;;;;;;-40.30;
2021.07.02 06:22:47;Balance;;;;;;;;;;2 486.78;
2021.07.01 17:14:53;Buy;0.02;EURUSD;1.18602;;1.19059;2021.07.01 17:57:17;1.18664;-0.09;;1.24;
2021.07.01 17:14:57;Sell Stop;0.02;EURUSD;1.18592;;1.17919;2021.07.01 17:15:09;1.18611;;;;cancelled
2021.07.01 14:00:12;Sell Stop;0.02;EURUSD;1.18375;;1.17919;2021.07.01 17:15:09;1.18611;;;;cancelled
2021.06.30 15:06:11;Buy;0.01;USDCHF;0.92356;;0.92948;2021.07.01 11:21:39;0.92621;-0.04;0.01;2.86;
2021.07.01 11:01:38;Sell;0.02;EURGBP;0.85653;;0.85197;2021.07.01 11:21:04;0.85844;-0.09;;-5.27;
2021.07.01 11:02:02;Buy;0.02;EURGBP;0.85663;;0.86090;2021.07.01 11:20:45;0.85845;-0.09;;5.02;
2021.07.01 11:02:05;Sell Stop;0.04;EURGBP;0.85653;;0.85197;2021.07.01 11:02:24;0.85692;;;;cancelled
2021.07.01 05:00:14;Buy Stop;0.02;EURGBP;0.85893;;0.86357;2021.07.01 11:02:04;0.85663;;;;cancelled
2021.07.01 05:33:30;Balance;;;;;;;;;;937.32;
2021.06.30 12:36:15;Buy;0.05;USDJPY;110.478;110.550;111.750;2021.06.30 20:22:21;111.050;-0.19;;25.75;
2021.06.30 15:11:11;Buy;0.02;USDJPY;110.598;;110.955;2021.06.30 17:55:27;110.953;-0.08;;6.40;[tp]
2021.06.30 15:29:18;Buy Stop;0.01;NZDUSD;0.69778;;0.70656;2021.06.30 15:29:19;0.69772;;;;cancelled
2021.06.30 15:00:04;Buy Stop;0.01;NZDUSD;0.70064;;0.70656;2021.06.30 15:29:18;0.69772;;;;cancelled
2021.06.30 15:11:14;Buy Stop;0.02;AUDUSD;0.74974;;0.75890;2021.06.30 15:11:15;0.74968;;;;cancelled
2021.06.30 15:00:01;Sell Stop;0.02;USDJPY;110.418;;110.060;2021.06.30 15:11:12;110.597;;;;cancelled
2021.06.30 15:08:53;Buy Stop;0.01;AUDUSD;0.74974;;0.75890;2021.06.30 15:08:54;0.74966;;;;cancelled
2021.06.30 15:00:02;Buy Stop;0.01;AUDUSD;0.75274;;0.75890;2021.06.30 15:08:52;0.74966;;;;cancelled
2021.06.30 15:06:13;Sell Stop;0.01;USDCHF;0.92346;;0.91468;2021.06.30 15:06:14;0.92358;;;;cancelled
2021.06.30 15:00:01;Sell Stop;0.01;USDCHF;0.92060;;0.91468;2021.06.30 15:06:14;0.92358;;;;cancelled
2021.06.30 14:59:55;Sell;0.05;NZDUSD;0.69909;0.70710;0.68820;2021.06.30 15:00:32;0.69904;-0.13;;0.25;
2021.06.25 18:03:39;Buy;0.09;USDJPY;110.797;110.210;111.547;2021.06.29 17:00:03;110.595;-0.34;-0.24;-16.44;
2021.06.25 18:03:10;Sell;0.09;EURUSD;1.19488;1.19288;1.18738;2021.06.28 17:02:04;1.19290;-0.41;-0.02;17.82;[sl]
2021.06.25 18:01:20;Sell;0.01;XAUUSD;1 781.26;1 776.26;1 771.36;2021.06.28 04:44:02;1 771.26;-0.07;-0.04;10.00;[tp]
2021.06.25 18:03:31;Buy;0.10;USDCHF;0.91653;0.91753;0.92397;2021.06.28 00:03:21;0.91735;-0.38;0.03;8.94;[sl]
2021.06.24 21:01:24;Sell;0.04;EURCAD;1.46874;1.46875;1.46128;2021.06.28 00:02:06;1.46904;-0.18;;-0.97;[sl]
2021.06.23 18:02:00;Sell;0.03;EURUSD;1.19462;1.19702;1.18711;2021.06.25 16:55:27;1.19700;-0.14;-0.03;-7.14;[sl]
2021.06.23 18:01:33;Buy;0.03;USDCHF;0.91707;0.91539;0.92456;2021.06.25 15:32:31;0.91537;-0.11;0.04;-5.57;[sl]
2021.06.24 05:29:54;Balance;;;;;;;;;;941.47;
2021.06.23 12:54:45;Balance;;;;;;;;;;313.88;
